Nº	Nombre	Total	Pormil
1	MARIA CARMEN	28317	48.57
2	MARIA	20034	34.37
3	CARMEN	13612	23.35
4	MARIA DOLORES	9214	15.81
5	MARIA PILAR	8272	14.19
6	JOSEFA	82	14.07
7	MARIA JOSE	8194	14.06
8	ANA MARIA	7458	12.79
9	MARIA TERESA	7429	12.74
10	MANUELA	7111	12.20
11	MARIA ISABEL	6754	11.59
12	LUCIA	6556	11.25
13	DOLORES	6143	10.54
14	LAURA	605	10.38
15	MARIA JESUS	5595	9.60
16	MARIA LUISA	559	9.59
17	SARA	5345	9.17
18	CRISTINA	5061	8.68
19	MARIA ANGELES	4973	8.53
20	MERCEDES	4884	8.38
21	PAULA	4814	8.26
22	ANA	4648	7.97
23	MARTA	4576	7.85
24	ISABEL	4366	7.49
25	MARIA JOSEFA	4331	7.43
26	ROSA MARIA	3934	6.75
27	BEATRIZ	3759	6.45
28	PATRICIA	3704	6.35
29	RAQUEL	3552	6.09
30	ALBA	3514	6.03
31	PILAR	3467	5.95
32	MONICA	3413	5.85
33	MARIA MERCEDES	3293	5.65
34	JOSEFINA	3192	5.48
35	ANDREA	306	5.25
36	ELENA	3011	5.17
37	CONCEPCION	2932	5.03
38	SILVIA	2807	4.82
39	MARIA ELENA	2679	4.60
40	MARIA LUZ	2616	4.49
41	SUSANA	2573	4.41
42	MARIA MAR	252	4.32
43	NATALIA	2405	4.13
44	SONIA	2388	4.10
45	JULIA	2369	4.06
46	IRIA	2362	4.05
47	NOELIA	236	4.05
48	SANDRA	2354	4.04
49	ALICIA	2315	3.97
50	MARIA ESTHER	221	3.79
51	MARINA	22	3.77
52	ROSA	2196	3.77
53	IRENE	2194	3.76
54	SOFIA	217	3.72
55	TERESA	2149	3.69
56	CONSUELO	2114	3.63
57	EVA MARIA	2102	3.61
58	EVA	2041	3.50
59	INES	2041	3.50
60	MARIA BELEN	2022	3.47
61	MARGARITA	1982	3.40
62	MARIA CONCEPCION	1954	3.35
63	CARLA	1952	3.35
64	LORENA	1949	3.34
65	ROCIO	1945	3.34
66	ANA ISABEL	1896	3.25
67	NEREA	1857	3.19
68	ANGELA	1853	3.18
69	VERONICA	1851	3.18
70	MARIA VICTORIA	1848	3.17
71	MARIA CRISTINA	1814	3.11
72	CELIA	1797	3.08
73	ANA BELEN	1792	3.07
74	PURIFICACION	1789	3.07
75	ANTIA	1772	3.04
76	ANTONIA	1761	3.02
77	YOLANDA	174	2.99
78	NURIA	1722	2.95
79	NOA	1703	2.92
80	MARIA BEGOÑA	1627	2.79
81	MARIA SOLEDAD	1615	2.77
82	MARIA ROSARIO	1566	2.69
83	FRANCISCA	1554	2.67
84	ELVIRA	1466	2.52
85	VANESA	144	2.47
86	TANIA	1418	2.43
87	UXIA	1415	2.43
88	CAROLINA	1396	2.40
89	CLAUDIA	1384	2.37
90	MARIA MANUELA	135	2.32
91	DANIELA	1331	2.28
92	MARIA NIEVES	1321	2.27
93	LARA	1296	2.22
94	BEGOÑA	1294	2.22
95	ADRIANA	1262	2.17
96	ELISA	1262	2.17
97	ENCARNACION	1246	2.14
98	MARIA ROSA	1246	2.14
99	AURORA	1245	2.14
100	ALEJANDRA	1244	2.13
101	JESUSA	1236	2.12
102	EMILIA	1231	2.11
103	REBECA	1225	2.10
104	MONTSERRAT	1203	2.06
105	LOURDES	119	2.04
106	CLARA	1182	2.03
107	ESTHER	1181	2.03
108	RAMONA	1181	2.03
109	MARTINA	1178	2.02
110	SABELA	1173	2.01
111	TAMARA	1167	2.00
112	VANESSA	1128	1.94
113	ESTRELLA	1118	1.92
114	LIDIA	1118	1.92
115	FATIMA	1113	1.91
116	JUANA	1097	1.88
117	NIEVES	1092	1.87
118	MARIA LOURDES	1085	1.86
119	MARIA CONSUELO	1057	1.81
120	ESTEFANIA	1032	1.77
121	ESPERANZA	1027	1.76
122	AMELIA	1024	1.76
123	OLGA	1023	1.76
124	CARLOTA	1001	1.72
125	AMPARO	991	1.70
126	VICTORIA	976	1.67
127	AMALIA	947	1.62
128	BELEN	939	1.61
129	ROSARIO	894	1.53
130	CANDELA	893	1.53
131	MATILDE	892	1.53
132	GLORIA	852	1.46
133	MILAGROS	852	1.46
134	MARIA EUGENIA	837	1.44
135	MARIA MONTSERRAT	826	1.42
136	LETICIA	810	1.39
137	NOEMI	808	1.39
138	LUISA	805	1.38
139	MIRIAM	805	1.38
140	EMMA	799	1.37
141	ROSALIA	782	1.34
142	DIANA	780	1.34
143	MARIA ASUNCION	772	1.32
144	CARMEN MARIA	759	1.30
145	MARIA CRUZ	756	1.30
146	MARIA ANTONIA	753	1.29
147	AINHOA	751	1.29
148	DORINDA	749	1.29
149	HERMINIA	718	1.23
150	ANGELES	713	1.22
151	ASUNCION	700	1.20
152	MARTA MARIA	694	1.19
153	MARIA BEATRIZ	691	1.19
154	JESSICA	676	1.16
155	MARIA PAZ	676	1.16
156	MARIA SOL	670	1.15
157	AROA	641	1.10
158	MARIA ENCARNACION	629	1.08
159	MARIA YOLANDA	629	1.08
160	MARIA ROCIO	607	1.04
161	SONIA MARIA	603	1.03
162	BLANCA	594	1.02
163	VALERIA	594	1.02
164	MARIA MAGDALENA	585	1.00
165	FLORA	578	0.99
166	JUANA MARIA	569	0.98
167	SANDRA MARIA	555	0.95
168	REMEDIOS	548	0.94
169	OBDULIA	520	0.89
170	CELSA	518	0.89
171	AUREA	516	0.89
172	JENNIFER	516	0.89
173	MARIA MILAGROS	513	0.88
174	OLALLA	508	0.87
175	ALMUDENA	499	0.86
176	BERTA	499	0.86
177	GUADALUPE	499	0.86
178	ISOLINA	495	0.85
179	MARIA GLORIA	487	0.84
180	LEONOR	484	0.83
181	PALOMA	484	0.83
182	MARIA PURIFICACION	482	0.83
183	VIRGINIA	481	0.83
184	MARIA INES	475	0.82
185	MARIA ESTRELLA	472	0.81
186	DELFINA	468	0.80
187	MARIA AMPARO	466	0.80
188	MARIA FERNANDA	462	0.79
189	SHEILA	461	0.79
190	VALENTINA	460	0.79
191	LOLA	458	0.79
192	MARIA CELIA	453	0.78
193	AINARA	450	0.77
194	FELISA	450	0.77
195	XIANA	449	0.77
196	CECILIA	447	0.77
197	SILVIA MARIA	445	0.76
198	MARIA OLGA	441	0.76
199	ADELA	439	0.75
200	MARIA ESPERANZA	432	0.74
201	LIA	431	0.74
202	HELENA	426	0.73
203	ARACELI	425	0.73
204	ERMITAS	420	0.72
205	MARIA ELISA	420	0.72
206	SOLEDAD	420	0.72
207	AIDA	414	0.71
208	OTILIA	414	0.71
209	DOSINDA	413	0.71
210	AITANA	411	0.71
211	PAULA MARIA	411	0.71
212	RITA	410	0.70
213	MARIA INMACULADA	406	0.70
214	MARIA REMEDIOS	406	0.70
215	BALBINA	405	0.70
216	GABRIELA	404	0.69
217	MARIA AURORA	400	0.69
218	MARISOL	399	0.68
219	FLORINDA	389	0.67
220	MAGDALENA	389	0.67
221	AVELINA	385	0.66
222	ALBA MARIA	384	0.66
223	BARBARA	370	0.64
224	VERA	362	0.62
225	GEMA	357	0.61
226	DIGNA	355	0.61
227	ESTELA	353	0.61
228	YAIZA	353	0.61
229	OLIVA	350	0.60
230	ALEXANDRA	349	0.60
231	ALDARA	348	0.60
232	TATIANA	348	0.60
233	MARIA LUCIA	347	0.60
234	ANGELA MARIA	344	0.59
235	CATALINA	343	0.59
236	ARIADNA	338	0.58
237	HORTENSIA	338	0.58
238	DIVINA	334	0.57
239	MARIA ELVIRA	334	0.57
240	MARIA SONIA	332	0.57
241	ADELINA	330	0.57
242	EVANGELINA	325	0.56
243	NATIVIDAD	323	0.55
244	MARIA JULIA	318	0.55
245	SOCORRO	318	0.55
246	ZAIRA	316	0.54
247	MARIA SOCORRO	310	0.53
248	MARIA SUSANA	310	0.53
249	ISAURA	307	0.53
250	RUTH	307	0.53
251	INMACULADA	306	0.53
252	MIRIAN	306	0.53
253	ERUNDINA	304	0.52
254	MARIA FRANCISCA	304	0.52
255	MARIA MARGARITA	300	0.52
256	ELSA	296	0.51
257	JIMENA	296	0.51
258	MARIA ALICIA	294	0.50
259	MONSERRAT	294	0.50
260	NAIARA	294	0.50
261	ERIKA	292	0.50
262	MARIA RAQUEL	291	0.50
263	EUGENIA	290	0.50
264	SORAYA	289	0.50
265	BENEDICTA	288	0.49
266	VIRTUDES	287	0.49
267	ICIA	286	0.49
268	LAURA MARIA	285	0.49
269	MARIÑA	282	0.48
270	OLIVIA	277	0.48
271	CLARISA	276	0.47
272	FILOMENA	274	0.47
273	MARA	273	0.47
274	VISITACION	273	0.47
275	SUSANA MARIA	272	0.47
276	CANDIDA	271	0.47
277	HERMOSINDA	269	0.46
278	SARAY	269	0.46
279	AURELIA	266	0.46
280	LUZ DIVINA	263	0.45
281	MONICA MARIA	262	0.45
282	MARIA VANESA	257	0.44
283	LUZ MARIA	250	0.43
284	IRIS	246	0.42
285	CLAUDINA	242	0.42
286	DELIA	241	0.41
287	MARIA EMILIA	241	0.41
288	MARIA OLIVA	240	0.41
289	MARIA EVA	238	0.41
290	MARIA ALEJANDRA	235	0.40
291	GENOVEVA	234	0.40
292	MARIA FATIMA	233	0.40
293	ELENA MARIA	232	0.40
294	TRINIDAD	231	0.40
295	LUCINDA	230	0.40
296	MARIA LORENA	230	0.40
297	MARIA GUADALUPE	229	0.39
298	MARIA SAGRARIO	228	0.39
299	ELIDA	225	0.39
300	GENEROSA	223	0.38
301	MARIANA	223	0.38
302	ZOE	222	0.38
303	MARIA SANDRA	221	0.38
304	BENIGNA	220	0.38
305	MARIA BLANCA	216	0.37
306	OFELIA	215	0.37
307	EDELMIRA	213	0.37
308	GEMMA	213	0.37
309	MARIA AMELIA	211	0.36
310	MARIA DIVINA	211	0.36
311	MARIA FLORA	211	0.36
312	OLGA MARIA	209	0.36
313	MARIA FE	208	0.36
314	ISABEL MARIA	207	0.36
315	LEIRE	207	0.36
316	LUZ	206	0.35
317	MARIA VANESSA	206	0.35
318	REGINA	205	0.35
319	ROSA ANA	205	0.35
320	ALEXIA	204	0.35
321	GRACIELA	201	0.35
322	MARIA LAURA	201	0.35
323	MARIA AZUCENA	200	0.34
324	AMANDA	197	0.34
325	LYDIA	195	0.33
326	MARIA CONSOLACION	195	0.33
327	ANABEL	193	0.33
328	MENCIA	192	0.33
329	ALMA	191	0.33
330	MARIA JESUSA	191	0.33
331	PATRICIA MARIA	191	0.33
332	MARIA DIGNA	190	0.33
333	DOMINGA	186	0.32
334	AMERICA	185	0.32
335	CRISTINA MARIA	185	0.32
336	LUA	184	0.32
337	MARIA JOSEFINA	184	0.32
338	ROSANA	184	0.32
339	AINOA	183	0.31
340	MARIA TRINIDAD	182	0.31
341	MARIA IRENE	181	0.31
342	BIBIANA	180	0.31
343	TANIA MARIA	180	0.31
344	DULCE MARIA	179	0.31
345	MARIA JUANA	179	0.31
346	NADIA	179	0.31
347	HERMINDA	178	0.31
348	PURA	178	0.31
349	JUDITH	176	0.30
350	JULIA MARIA	176	0.30
351	NELIDA	176	0.30
352	GUMERSINDA	175	0.30
353	MARIA REYES	174	0.30
354	MARIA SARA	174	0.30
355	MARIA SALOME	173	0.30
356	PALMIRA	173	0.30
357	JOSEFA MARIA	172	0.30
358	PEREGRINA	172	0.30
359	SALOME	172	0.30
360	FLORENTINA	171	0.29
361	BLANDINA	170	0.29
362	AZUCENA	168	0.29
363	CAMILA	168	0.29
364	YANIRA	165	0.28
365	ADELAIDA	164	0.28
366	MAR	164	0.28
367	MARIA ANGELA	164	0.28
368	MARIA ISOLINA	164	0.28
369	VEGA	163	0.28
370	FELICITAS	162	0.28
371	GLORIA MARIA	161	0.28
372	MARIA HORTENSIA	161	0.28
373	MARIA MONSERRAT	160	0.27
374	PAOLA	160	0.27
375	PRECIOSA	158	0.27
376	SERAFINA	157	0.27
377	ANGELICA	156	0.27
378	JOAQUINA	156	0.27
379	MARIA VIRTUDES	155	0.27
380	VICENTA	155	0.27
381	ROMINA	154	0.26
382	SARA MARIA	153	0.26
383	MARIA ANA	152	0.26
384	OLAYA	152	0.26
385	ZELTIA	151	0.26
386	NURIA MARIA	150	0.26
387	PASTORA	149	0.26
388	NOELA	148	0.25
389	FELICIDAD	147	0.25
390	HERMITAS	146	0.25
391	SABINA	146	0.25
392	DIANA MARIA	145	0.25
393	LORETO	145	0.25
394	VICTORINA	144	0.25
395	ELIA	142	0.24
396	ENMA	141	0.24
397	DESIREE	140	0.24
398	MARIA RAMONA	139	0.24
399	YESICA	139	0.24
400	ADOLFINA	138	0.24
401	ANA ROSA	138	0.24
402	CARMELA	138	0.24
403	LUISA MARIA	138	0.24
404	MARIA HERMINIA	138	0.24
405	RITA MARIA	138	0.24
406	MARIA MATILDE	137	0.24
407	SARAI	137	0.24
408	DORA	136	0.23
409	JUDIT	136	0.23
410	AFRICA	135	0.23
411	ELIZABETH	135	0.23
412	MARIA FLOR	135	0.23
413	VIOLETA	134	0.23
414	ANA CRISTINA	133	0.23
415	AGUEDA	132	0.23
416	ELBA	132	0.23
417	MARIA OTILIA	132	0.23
418	GUILLERMINA	131	0.23
419	MARIA AMERICA	131	0.23
420	YESSICA	131	0.23
421	MARIA RITA	130	0.22
422	NORA	129	0.22
423	VICTORIA EUGENIA	129	0.22
424	MARIA ANGELICA	126	0.22
425	LILIANA	125	0.21
426	MARIA OFELIA	125	0.21
427	MARIA MONICA	124	0.21
428	ARIANA	123	0.21
429	BASILISA	123	0.21
430	MARIA AMALIA	123	0.21
431	MARIA CELSA	123	0.21
432	MAITE	122	0.21
433	MARCELINA	122	0.21
434	MARIA CLARA	122	0.21
435	SAGRARIO	122	0.21
436	EULALIA	121	0.21
437	MARIA ALMUDENA	121	0.21
438	MARIBEL	120	0.21
439	ARANZAZU	119	0.20
440	MARIA NATIVIDAD	119	0.20
441	CLEMENTINA	118	0.20
442	MARIA DELFINA	118	0.20
443	MARIA VERONICA	118	0.20
444	ESMERALDA	117	0.20
445	MARIA ARANZAZU	117	0.20
446	MARIA NOELIA	117	0.20
447	MINIA	117	0.20
448	AGUSTINA	116	0.20
449	KATIA	116	0.20
450	MARIA ERMITAS	116	0.20
451	ENRIQUETA	115	0.20
452	ERICA	115	0.20
453	FATIMA MARIA	115	0.20
454	MODESTA	114	0.20
455	ADORACION	113	0.19
456	BERTA MARIA	113	0.19
457	CAYETANA	113	0.19
458	EMERITA	113	0.19
459	LORENA MARIA	113	0.19
460	MARIA PATRICIA	113	0.19
461	CLOTILDE	112	0.19
462	YOLANDA MARIA	112	0.19
463	FABIOLA	111	0.19
464	PAZ	111	0.19
465	IRIA MARIA	110	0.19
466	LUCIA MARIA	110	0.19
467	MARIA LEONOR	110	0.19
468	JESICA	109	0.19
469	MARIA ADELA	109	0.19
470	MARIA BERTA	108	0.19
471	ALBINA	107	0.18
472	CASILDA	107	0.18
473	CINTIA	107	0.18
474	MACARENA	107	0.18
475	PAMELA	107	0.18
476	ALEJANDRA MARIA	106	0.18
477	ANXELA	106	0.18
478	CATUXA	106	0.18
479	CIPRIANA	106	0.18
480	DEBORA	106	0.18
481	KARINA	106	0.18
482	MARIA VISITACION	106	0.18
483	CARME	105	0.18
484	ANUNCIA	104	0.18
485	MARIA PALOMA	104	0.18
486	NICOLE	104	0.18
487	ASCENSION	103	0.18
488	JULIANA	103	0.18
489	MARIA DORINDA	103	0.18
490	IRMA	102	0.18
491	MARIA ANDREA	102	0.18
492	CLARA MARIA	101	0.17
493	JENIFER	101	0.17
494	NARCISA	101	0.17
495	MARIA LORETO	100	0.17
496	OLIMPIA	100	0.17
497	XULIA	100	0.17
498	BLANCA MARIA	99	0.17
499	MARIA ARGENTINA	98	0.17
500	SIRA	98	0.17
501	FERNANDA	97	0.17
502	LIDIA MARIA	97	0.17
503	MELISA	97	0.17
504	DOLORES MARIA	96	0.17
505	MARIA ELIDA	96	0.17
506	MARIA EMMA	96	0.17
507	ELISABET	95	0.16
508	NOELIA MARIA	95	0.16
509	ZAIDA	95	0.16
510	GISELA	94	0.16
511	MARIA FELISA	94	0.16
512	MELANIA	94	0.16
513	MARIA ADELINA	93	0.16
514	CARIDAD	92	0.16
515	COVADONGA	92	0.16
516	MARIA AUREA	92	0.16
517	MARIA SILVIA	92	0.16
518	THAIS	92	0.16
519	VANESSA MARIA	91	0.16
520	XOANA	90	0.15
521	ARGENTINA	89	0.15
522	BENITA	89	0.15
523	URSULA	89	0.15
524	ALICIA MARIA	88	0.15
525	NAZARET	88	0.15
526	SEGUNDA	88	0.15
527	CELIA MARIA	87	0.15
528	JULIETA	87	0.15
529	MARIA ARACELI	87	0.15
530	PAULINA	87	0.15
531	ELISABETH	86	0.15
532	ADA	85	0.15
533	MARIA DELIA	85	0.15
534	MARIA ELSA	85	0.15
535	MARIA NATALIA	85	0.15
536	MARIA SOFIA	85	0.15
537	ALMA MARIA	84	0.14
538	ANA BEATRIZ	84	0.14
539	CHLOE	84	0.14
540	EREA	84	0.14
541	MARIA ASCENSION	84	0.14
542	MARIA OBDULIA	84	0.14
543	NATALIA MARIA	84	0.14
544	RUT	84	0.14
545	SILVANA	84	0.14
546	YASMINA	84	0.14
547	AMAYA	83	0.14
548	ANTONIA MARIA	83	0.14
549	ARANTXA	83	0.14
550	CLOE	83	0.14
551	MARIA BARCA	83	0.14
552	EMMA MARIA	82	0.14
553	MARIA CAROLINA	82	0.14
554	TERESA MARIA	82	0.14
555	ANGELINA	81	0.14
556	CARINA	81	0.14
557	CELTIA	81	0.14
558	DANIELLA	81	0.14
559	HILDA	81	0.14
560	LARA MARIA	81	0.14
561	MARIA DOSINDA	81	0.14
562	MARIA NELIDA	81	0.14
563	MARIA VICENTA	81	0.14
564	VANESA MARIA	81	0.14
565	MARIA EVANGELINA	80	0.14
566	MARIA GEMA	80	0.14
567	ANUNCIACION	79	0.14
568	LUISA FERNANDA	79	0.14
569	MARISA	79	0.14
570	TERESA JESUS	79	0.14
571	ELISA MARIA	78	0.13
572	MARIA CELESTE	78	0.13
573	MARIA FILOMENA	77	0.13
574	MARIA JUNQUERA	77	0.13
575	MARIA NURIA	77	0.13
576	AMADORA	76	0.13
577	GALA	75	0.13
578	MARIA ERUNDINA	75	0.13
579	MIA	75	0.13
580	CARLA MARIA	74	0.13
581	ENGRACIA	74	0.13
582	LEYRE	74	0.13
583	MARIA CECILIA	74	0.13
584	MARIA GABRIELA	74	0.13
585	CATARINA	73	0.13
586	JESSICA MARIA	73	0.13
587	MARIA VIRGINIA	73	0.13
588	AMABLE	72	0.12
589	DOLORES CARMEN	72	0.12
590	JACQUELINE	72	0.12
591	MARIA AGUSTINA	72	0.12
592	ARANCHA	71	0.12
593	CARMEN DOLORES	71	0.12
594	GEMMA MARIA	71	0.12
595	LINA	71	0.12
596	MARIA FLORINDA	71	0.12
597	MICAELA	71	0.12
598	MIREIA	71	0.12
599	SALADINA	71	0.12
600	ANA VANESA	70	0.12
601	JOSEFA CARMEN	70	0.12
602	MARIA AMABLE	70	0.12
603	MARIA GORETTI	70	0.12
604	LUNA	69	0.12
605	LUZ MARINA	69	0.12
606	MARIA AVELINA	69	0.12
607	MYRIAM	69	0.12
608	RAQUEL MARIA	69	0.12
609	ANNA	68	0.12
610	CELINA	68	0.12
611	ESTER	68	0.12
612	MARGARITA MARIA	67	0.12
613	NAIRA	67	0.12
614	NANCY	67	0.12
615	OLAIA	67	0.12
616	PIEDAD	67	0.12
617	SABRINA	67	0.12
618	ANDREA MARIA	66	0.11
619	CELESTINA	66	0.11
620	CORAL	66	0.11
621	ANGELITA	65	0.11
622	MARIA GRACIELA	65	0.11
623	MARIA MARTA	65	0.11
624	MARIA PAULA	65	0.11
625	MELISSA	65	0.11
626	ROSA ISABEL	65	0.11
627	ANA VANESSA	64	0.11
628	FLAVIA	64	0.11
629	GEMA MARIA	64	0.11
630	MICHELLE	64	0.11
631	REBECA MARIA	64	0.11
632	BRENDA	63	0.11
633	FE	63	0.11
634	MARIA HERMITAS	63	0.11
635	MARIA MILAGRO	63	0.11
636	MARIA PIEDAD	63	0.11
637	MARUXA	63	0.11
638	NAIA	63	0.11
639	VENTURA	63	0.11
640	ESTIBALIZ	62	0.11
641	HERMELINDA	62	0.11
642	INES MARIA	62	0.11
643	IRINA	62	0.11
644	LUCITA	62	0.11
645	NAYARA	62	0.11
646	ZORAIDA	62	0.11
647	ALCIRA	61	0.11
648	ANA PAULA	61	0.11
649	MARIA DOMINGA	61	0.11
650	MARIA ENGRACIA	61	0.11
651	MARIA FELICIDAD	61	0.11
652	YASMIN	61	0.11
653	IVANA	60	0.10
654	JOANA	60	0.10
655	MARIA GENOVEVA	60	0.10
656	MARIA O	60	0.10
657	MARIA REGINA	60	0.10
658	VERONICA MARIA	60	0.10
659	CANDELARIA	59	0.10
660	MARCELA	59	0.10
661	MARIA BALBINA	59	0.10
662	MARIA BENITA	59	0.10
663	MARIA ESTEFANIA	59	0.10
664	MARIA PRECIOSA	59	0.10
665	MARIA LIDIA	58	0.10
666	NORMA	58	0.10
667	CYNTHIA	57	0.10
668	DINA	57	0.10
669	DOMITILA	57	0.10
670	ESCLAVITUD	56	0.10
671	ESTRELLA MARIA	56	0.10
672	MANUELA MARIA	56	0.10
673	MARIA ADORACION	56	0.10
674	MARIA COVADONGA	56	0.10
675	MARIA ISAURA	56	0.10
676	THALIA	56	0.10
677	YARA	56	0.10
678	ANAIS	55	0.09
679	LEILA	55	0.09
680	MARIA BENEDICTA	55	0.09
681	MARIA ROSALIA	55	0.09
682	MIREYA	55	0.09
683	SALMA	55	0.09
684	SHAILA	55	0.09
685	MARIA EULALIA	54	0.09
686	BENILDE	53	0.09
687	ELIANA	53	0.09
688	ITZIAR	53	0.09
689	MARIA AURELIA	53	0.09
690	MARIA PASTORA	53	0.09
691	SAMANTA	53	0.09
692	ALSIRA	52	0.09
693	ANA LUISA	52	0.09
694	AURORA MARIA	52	0.09
695	BEATRIZ MARIA	52	0.09
696	ELSA MARIA	52	0.09
697	ELVA	52	0.09
698	INOCENCIA	52	0.09
699	LUCILA	52	0.09
700	MARIA PURA	52	0.09
701	PERFECTA	52	0.09
702	CARMEN PILAR	51	0.09
703	MARIA BENIGNA	51	0.09
704	RAFAELA	51	0.09
705	ABRIL	50	0.09
706	CONSTANTINA	50	0.09
707	MARIA GENEROSA	50	0.09
708	MARIA LUCINDA	50	0.09
709	MARIA SALADINA	50	0.09
710	MAYRA	50	0.09
711	MELANIE	50	0.09
712	SAINZA	50	0.09
713	SARAH	50	0.09
714	XIMENA	50	0.09
715	BELINDA	49	0.08
716	CARMEN ROSA	49	0.08
717	DIGNA MARIA	49	0.08
718	ERMINDA	49	0.08
719	MALENA	49	0.08
720	MARIA CANDIDA	49	0.08
721	MARIA CARME	49	0.08
722	REYES	49	0.08
723	XEILA	49	0.08
724	ANGUSTIAS	48	0.08
725	CONSOLACION	48	0.08
726	GEORGINA	48	0.08
727	MARIA ALCIRA	48	0.08
728	MARIA OLIMPIA	48	0.08
729	MERCEDES MARIA	48	0.08
730	PILAR MARIA	48	0.08
731	ROGELIA	48	0.08
732	ANA TERESA	47	0.08
733	BEGOÑA MARIA	47	0.08
734	BLANCA NIEVES	47	0.08
735	CATERINA	47	0.08
736	ELADIA	47	0.08
737	IRENE MARIA	47	0.08
738	LUCRECIA	47	0.08
739	MARIA ESTELA	47	0.08
740	MARIA HERMOSINDA	47	0.08
741	PLACIDA	47	0.08
742	AMAIA	46	0.08
743	ANA LUCIA	46	0.08
744	DALIA	46	0.08
745	EDITA	46	0.08
746	ESTHER MARIA	46	0.08
747	INMACULADA CONCEPCION	46	0.08
748	LUANA	46	0.08
749	MARIA CELINA	46	0.08
750	MARIA ENRIQUETA	46	0.08
751	MARIA SORAYA	46	0.08
752	SAMANTHA	46	0.08
753	VIVIANA	46	0.08
754	ADRIANA MARIA	45	0.08
755	AISHA	45	0.08
756	BRIGIDA	45	0.08
757	CARMEN ISABEL	45	0.08
758	DEBORAH	45	0.08
759	ERNESTINA	45	0.08
760	FIDELINA	45	0.08
761	GRETA	45	0.08
762	MARIA ADELAIDA	45	0.08
763	MARIA PEREGRINA	45	0.08
764	MAXIMINA	45	0.08
765	SHEILA MARIA	45	0.08
766	TEODORA	45	0.08
767	IREA	44	0.08
768	MARIA CAMINO	44	0.08
769	MARIA GEMMA	44	0.08
770	MARIA MERCED	44	0.08
771	MARIA REBECA	44	0.08
772	NAGORE	44	0.08
773	ROSA MARY	44	0.08
774	RUTH MARIA	44	0.08
775	SELENE	44	0.08
776	ANA MARGARITA	43	0.07
777	CLARA ISABEL	43	0.07
778	ETELVINA	43	0.07
779	RUFINA	43	0.07
780	ANA LAURA	42	0.07
781	AZAHARA	42	0.07
782	FLORENCIA	42	0.07
783	KHADIJA	42	0.07
784	LAIA	42	0.07
785	MARIA ESTER	42	0.07
786	PETRA	42	0.07
787	PRUDENCIA	42	0.07
788	SEVERINA	42	0.07
789	ANAHI	41	0.07
790	BIANCA	41	0.07
791	MARIA BLANDINA	41	0.07
792	MARIA PALMIRA	41	0.07
793	MARY CARMEN	41	0.07
794	XANA	41	0.07
795	ALOIA	40	0.07
796	DANA	40	0.07
797	DARIA	40	0.07
798	EDUARDA	40	0.07
799	MARIA FELICITAS	40	0.07
800	MARIA FLORENTINA	40	0.07
801	MARIELA	40	0.07
802	MARLENE	40	0.07
803	ROSA MAR	40	0.07
804	SALETA	40	0.07
805	AMALIA MARIA	39	0.07
806	ANA MERCEDES	39	0.07
807	ILDA	39	0.07
808	LEDICIA	39	0.07
809	MARIA CLAUDINA	39	0.07
810	MARIA HELENA	39	0.07
811	MARIA MARINA	39	0.07
812	MARIA NOEMI	39	0.07
813	RENATA	39	0.07
814	ZULEMA	39	0.07
815	ABIGAIL	38	0.07
816	ALESSANDRA	38	0.07
817	AMARA	38	0.07
818	ANGELICA MARIA	38	0.07
819	CARMEN JOSEFA	38	0.07
820	ELOISA	38	0.07
821	EMILIA MARIA	38	0.07
822	GIOVANNA	38	0.07
823	HENAR	38	0.07
824	MANUELA DOLORES	38	0.07
825	MARIA CANDELARIA	38	0.07
826	MARIA ELIA	38	0.07
827	MARIA ELVA	38	0.07
828	MARIA JOAQUINA	38	0.07
829	MARIA LUZ DIVINA	38	0.07
830	MINERVA	38	0.07
831	PAULA ANDREA	38	0.07
832	TRIANA	38	0.07
833	ADELA MARIA	37	0.06
834	CRUZ	37	0.06
835	EDURNE	37	0.06
836	FELICITA	37	0.06
837	FINA	37	0.06
838	FRANCISCA MARIA	37	0.06
839	MAIRA	37	0.06
840	MARIA ANGUSTIAS	37	0.06
841	MARIA DORA	37	0.06
842	MARIA ESMERALDA	37	0.06
843	MARIA VALLE	37	0.06
844	MARTA ISABEL	37	0.06
845	PRIMITIVA	37	0.06
846	PRISCILA	37	0.06
847	SAMIRA	37	0.06
848	SECUNDINA	37	0.06
849	XELA	37	0.06
850	AGRIPINA	36	0.06
851	ANA CAROLINA	36	0.06
852	ARMINDA	36	0.06
853	DOROTEA	36	0.06
854	EVELYN	36	0.06
855	ISABELLA	36	0.06
856	JOSEFA MANUELA	36	0.06
857	MABEL	36	0.06
858	MARIA CATALINA	36	0.06
859	MARIA EDELMIRA	36	0.06
860	MAYA	36	0.06
861	SHEYLA	36	0.06
862	TAMARA MARIA	36	0.06
863	ANIA	35	0.06
864	DAVINIA	35	0.06
865	GLADYS	35	0.06
866	KELLY	35	0.06
867	MAIA	35	0.06
868	MARIA ANUNCIACION	35	0.06
869	MARIA CLARISA	35	0.06
870	MARIA GRACIA	35	0.06
871	MARIA LETICIA	35	0.06
872	MARIA XOSE	35	0.06
873	AIDA MARIA	34	0.06
874	AIXA	34	0.06
875	ANA CARMEN	34	0.06
876	ANA DOLORES	34	0.06
877	ANITA	34	0.06
878	BERNARDINA	34	0.06
879	CLAUDIA MARIA	34	0.06
880	FLOR MARIA	34	0.06
881	GENMA	34	0.06
882	JACINTA	34	0.06
883	KARLA	34	0.06
884	KIARA	34	0.06
885	LOURDES MARIA	34	0.06
886	LUCIANA	34	0.06
887	MARILUZ	34	0.06
888	NAYRA	34	0.06
889	PLACERES	34	0.06
890	SOFIA MARIA	34	0.06
891	VENERABLE	34	0.06
892	YLENIA	34	0.06
893	CELESTE	33	0.06
894	DESIRE	33	0.06
895	FERMINA	33	0.06
896	JOSEFA DOLORES	33	0.06
897	JUNQUERA	33	0.06
898	MARIA AIDA	33	0.06
899	MILENA	33	0.06
900	MIRANDA	33	0.06
901	NELLY	33	0.06
902	NINA	33	0.06
903	ALINA	32	0.06
904	ANA PATRICIA	32	0.06
905	CATHERINE	32	0.06
906	FLORA MARIA	32	0.06
907	KAREN	32	0.06
908	MARIA MACARENA	32	0.06
909	MARIA MODESTA	32	0.06
910	MARIA VIOLETA	32	0.06
911	MARIAM	32	0.06
912	NAHIA	32	0.06
913	ROSAURA	32	0.06
914	SILVINA	32	0.06
915	TOMASA	32	0.06
916	AINOHA	31	0.05
917	AMINA	31	0.05
918	AUREA MARIA	31	0.05
919	AURITA	31	0.05
920	ELISA ISABEL	31	0.05
921	FABIANA	31	0.05
922	FUENSANTA	31	0.05
923	JOVITA	31	0.05
924	MARIA ANTONIETA	31	0.05
925	MARIA CIPRIANA	31	0.05
926	MARIA CONCEIÇAO	31	0.05
927	MARIA MILAGROSA	31	0.05
928	MARIA TAMARA	31	0.05
929	MELINA	31	0.05
930	ROSALINA	31	0.05
931	YADIRA	31	0.05
932	ANA VICTORIA	30	0.05
933	CARLOTA MARIA	30	0.05
934	IARA	30	0.05
935	MANUELA JOSEFA	30	0.05
936	MARIA CARLOTA	30	0.05
937	MARIA FELIX	30	0.05
938	MARIA HILDA	30	0.05
939	NAIR	30	0.05
940	AMELIA MARIA	29	0.05
941	BIENVENIDA	29	0.05
942	CARMEN MANUELA	29	0.05
943	CORA	29	0.05
944	DAMARIS	29	0.05
945	DIONISIA	29	0.05
946	EIRE	29	0.05
947	ELDA	29	0.05
948	EULOGIA	29	0.05
949	LETICIA MARIA	29	0.05
950	MARIA ENCINA	29	0.05
951	MARIA ESCLAVITUD	29	0.05
952	MARIAN	29	0.05
953	NAHIR	29	0.05
954	NICOLASA	29	0.05
955	RAIMUNDA	29	0.05
956	ROCIO MARIA	29	0.05
957	SAMARA	29	0.05
958	SUSANA BEATRIZ	29	0.05
959	TALIA	29	0.05
960	AHINOA	28	0.05
961	AINE	28	0.05
962	ALIDA	28	0.05
963	ANALIA	28	0.05
964	BELEN MARIA	28	0.05
965	CAROLINA MARIA	28	0.05
966	DAFNE	28	0.05
967	EFIGENIA	28	0.05
968	ESTELA MARIA	28	0.05
969	FELICIA	28	0.05
970	INGRID	28	0.05
971	ISIDORA	28	0.05
972	JUSTA	28	0.05
973	LAILA	28	0.05
974	LENA	28	0.05
975	MARIA ALBA	28	0.05
976	MARIA ANGELINA	28	0.05
977	NAIMA	28	0.05
978	PALOMA MARIA	28	0.05
979	ROSA CARMEN	28	0.05
980	STELLA	28	0.05
981	ARSILIA	27	0.05
982	CLAUDIA PATRICIA	27	0.05
983	CONSUELO MARIA	27	0.05
984	DIVINA PASTORA	27	0.05
985	DOLORES JOSEFA	27	0.05
986	ICIAR	27	0.05
987	ISABEL CRISTINA	27	0.05
988	MANUELA CARMEN	27	0.05
989	MARCIA	27	0.05
990	MARIA CAMILA	27	0.05
991	MARIA EMERITA	27	0.05
992	MARIA HERMINDA	27	0.05
993	MARIA UXIA	27	0.05
994	MARINA ISABEL	27	0.05
995	NEKANE	27	0.05
996	PRESENTACION	27	0.05
997	SELENA	27	0.05
998	VIRGINIA MARIA	27	0.05
999	CARMEN ELENA	26	0.05
1000	CRISTINA ISABEL	26	0.05
1001	DENISE	26	0.05
1002	DIANA CAROLINA	26	0.05
1003	JANET	26	0.05
1004	MARIA ALSIRA	26	0.05
1005	MARIA ANGEL	26	0.05
1006	MARIA BENILDE	26	0.05
1007	MARIA CARIDAD	26	0.05
1008	MARIA CLOTILDE	26	0.05
1009	MARIA ELBA	26	0.05
1010	MARIA LINA	26	0.05
1011	MARIA NAZARET	26	0.05
1012	MARIA PRESENTACION	26	0.05
1013	MARIA SERAFINA	26	0.05
1014	MARIA VALENTINA	26	0.05
1015	ROSA ELENA	26	0.05
1016	TATIANA MARIA	26	0.05
1017	YOANA	26	0.05
1018	ALEJANDRINA	25	0.04
1019	BERNARDA	25	0.04
1020	CIPRIANA MARIA	25	0.04
1021	EUGENIA MARIA	25	0.04
1022	HELGA	25	0.04
1023	IRATXE	25	0.04
1024	LEONIDES	25	0.04
1025	MARIA ADRIANA	25	0.04
1026	MARIA AFRICA	25	0.04
1027	MARIA ALBINA	25	0.04
1028	MARIA AUXILIADORA	25	0.04
1029	MARIA BASILISA	25	0.04
1030	MARIA DULCE	25	0.04
1031	MARIA IRMA	25	0.04
1032	MARIA PLACERES	25	0.04
1033	MARIA SEGUNDA	25	0.04
1034	MARIA TERESA JESUS	25	0.04
1035	MARIA XESUS	25	0.04
1036	PEPA	25	0.04
1037	SANDRA MILENA	25	0.04
1038	SARELA	25	0.04
1039	SEILA	25	0.04
1040	SONSOLES	25	0.04
1041	YANET	25	0.04
1042	ANDREIA	24	0.04
1043	ANGELES MARIA	24	0.04
1044	CARMEN TERESA	24	0.04
1045	CLARA EUGENIA	24	0.04
1046	DOLORES MANUELA	24	0.04
1047	ELENA ISABEL	24	0.04
1048	JANA	24	0.04
1049	MANOLA	24	0.04
1050	MARIA ARANTZAZU	24	0.04
1051	MARIA EDITA	24	0.04
1052	NAOMI	24	0.04
1053	ROSINA	24	0.04
1054	VICTORIA MARIA	24	0.04
1055	AINHARA	23	0.04
1056	ALIANZA	23	0.04
1057	CECILIA MARIA	23	0.04
1058	CELSA MARIA	23	0.04
1059	CESAREA	23	0.04
1060	FRANCESCA	23	0.04
1061	GORETTI	23	0.04
1062	HIGINIA	23	0.04
1063	JOHANNA	23	0.04
1064	JOSEFINA MARIA	23	0.04
1065	LEONISA	23	0.04
1066	LIBERTAD	23	0.04
1067	LINA MARIA	23	0.04
1068	LUZDIVINA	23	0.04
1069	MARIA ALEXANDRA	23	0.04
1070	MARIA LARA	23	0.04
1071	MARIANELA	23	0.04
1072	MINA	23	0.04
1073	NATHALIE	23	0.04
1074	PAOLA ANDREA	23	0.04
1075	PAULA CRISTINA	23	0.04
1076	RAMONA MARIA	23	0.04
1077	SILVIA BEATRIZ	23	0.04
1078	SUEVIA	23	0.04
1079	VERA LUCIA	23	0.04
1080	YENIFER	23	0.04
1081	YESICA MARIA	23	0.04
1082	AICHA	22	0.04
1083	ANA BERTA	22	0.04
1084	ARIADNE	22	0.04
1085	ASHLEY	22	0.04
1086	ATENEA	22	0.04
1087	BARBARA MARIA	22	0.04
1088	BOUCHRA	22	0.04
1089	CARMEN MERCEDES	22	0.04
1090	DELIA MARIA	22	0.04
1091	ENCARNACION MARIA	22	0.04
1092	GERTRUDIS	22	0.04
1093	HERMENCINA	22	0.04
1094	JOSEFA ANTONIA	22	0.04
1095	JOSEFA ISABEL	22	0.04
1096	JOSEFA PILAR	22	0.04
1097	KATHERINE	22	0.04
1098	LEA	22	0.04
1099	LIVIA	22	0.04
1100	MARIA APARECIDA	22	0.04
1101	MARIA GUILLERMINA	22	0.04
1102	MARIA MARTINA	22	0.04
1103	MARITZA	22	0.04
1104	MARTHA	22	0.04
1105	NEMESIA	22	0.04
1106	SOPHIA	22	0.04
1107	STELLA MARIS	22	0.04
1108	ANA JULIA	21	0.04
1109	ANA KARINA	21	0.04
1110	ANA PILAR	21	0.04
1111	ANE	21	0.04
1112	AREA	21	0.04
1113	ARIANNA	21	0.04
1114	BASILIA	21	0.04
1115	CARMEN BELEN	21	0.04
1116	CONSTANCIA	21	0.04
1117	ENEDINA	21	0.04
1118	FANNY	21	0.04
1119	HANANE	21	0.04
1120	MARIA ANUNCIA	21	0.04
1121	MARIA CARMEN DOLORES	21	0.04
1122	MARIA CASILDA	21	0.04
1123	MARIA CORAL	21	0.04
1124	MARIA DULCINA	21	0.04
1125	MARIA ERNESTINA	21	0.04
1126	MARIA MARCELINA	21	0.04
1127	MARIA SILVINA	21	0.04
1128	MARINA CARMEN	21	0.04
1129	MIHAELA	21	0.04
1130	NAHIARA	21	0.04
1131	SARA ISABEL	21	0.04
1132	SATURNINA	21	0.04
1133	UBALDINA	21	0.04
1134	XIOMARA	21	0.04
1135	ZAIRA MARIA	21	0.04
1136	ZOILA	21	0.04
1137	AGUEDA MARIA	20	0.03
1138	ALESSIA	20	0.03
1139	ALIA	20	0.03
1140	ANASTASIA	20	0.03
1141	CLEMENCIA	20	0.03
1142	CORINA	20	0.03
1143	ELVIRA MARIA	20	0.03
1144	EMILIANA	20	0.03
1145	ESPERANZA MARIA	20	0.03
1146	FLOR	20	0.03
1147	IRATI	20	0.03
1148	JULITA	20	0.03
1149	MARIA CELESTINA	20	0.03
1150	MARIA CLEMENTINA	20	0.03
1151	MARIA CONSTANTINA	20	0.03
1152	MARIA DIANA	20	0.03
1153	MARIA ILDA	20	0.03
1154	MARIA IRIA	20	0.03
1155	MARIA SIRA	20	0.03
1156	MARIA SONSOLES	20	0.03
1157	MARIA TANIA	20	0.03
1158	MAYTE	20	0.03
1159	NAIALA	20	0.03
1160	NIEVES MARIA	20	0.03
1161	NILDA	20	0.03
1162	PURIFICACION MARIA	20	0.03
1163	RACHIDA	20	0.03
1164	ROBERTA	20	0.03
1165	ROSA BLANCA	20	0.03
1166	SANDRA ISABEL	20	0.03
1167	SONIA BEATRIZ	20	0.03
1168	TEBA	20	0.03
1169	YAIZA MARIA	20	0.03
1170	AMADA	19	0.03
1171	ANA RITA	19	0.03
1172	ANA SOFIA	19	0.03
1173	ARANTZA	19	0.03
1174	CASANDRA	19	0.03
1175	CINTHIA	19	0.03
1176	CORONA	19	0.03
1177	DELMIRA	19	0.03
1178	DOLORES PILAR	19	0.03
1179	DULCINA	19	0.03
1180	ELOINA	19	0.03
1181	EMILY	19	0.03
1182	ISABELA	19	0.03
1183	JESUSA MARIA	19	0.03
1184	KEILA	19	0.03
1185	LEONOR MARIA	19	0.03
1186	MANUELA ISABEL	19	0.03
1187	MARIA DOLORES CARMEN	19	0.03
1188	MARIA LUCITA	19	0.03
1189	MARIA LUCRECIA	19	0.03
1190	MARIA LURDES	19	0.03
1191	MARIA NEREA	19	0.03
1192	MARIA PORTAL	19	0.03
1193	MARIA ROGELIA	19	0.03
1194	MARIOLA	19	0.03
1195	MARY LUZ	19	0.03
1196	MONICA BEATRIZ	19	0.03
1197	NARA	19	0.03
1198	NAVIA	19	0.03
1199	PENELOPE	19	0.03
1200	PILAR CARMEN	19	0.03
1201	SANDRA PATRICIA	19	0.03
1202	SORAYA MARIA	19	0.03
1203	TELMA	19	0.03
1204	URBANA	19	0.03
1205	VENERANDA	19	0.03
1206	ANA MAR	18	0.03
1207	ANA RAQUEL	18	0.03
1208	ANDREA CAROLINA	18	0.03
1209	ARGIMIRA	18	0.03
1210	CAMINO	18	0.03
1211	CESARINA	18	0.03
1212	CONCEPCION MARIA	18	0.03
1213	DAYANA	18	0.03
1214	DULCE	18	0.03
1215	ESTRELLA MAR	18	0.03
1216	FAUSTINA	18	0.03
1217	GENARA	18	0.03
1218	GIULIA	18	0.03
1219	IDAIRA	18	0.03
1220	JARA	18	0.03
1221	LILIA	18	0.03
1222	LOAIRA	18	0.03
1223	LOIDA	18	0.03
1224	MARIA ANXOS	18	0.03
1225	MARIA FLORENCIA	18	0.03
1226	MARIA INOCENCIA	18	0.03
1227	MARIA JESSICA	18	0.03
1228	MARIA TATIANA	18	0.03
1229	MARICARMEN	18	0.03
1230	MARTA BEATRIZ	18	0.03
1231	MARTA ELENA	18	0.03
1232	MARTHA CECILIA	18	0.03
1233	MELODY	18	0.03
1234	NATHALIA	18	0.03
1235	OROSIA	18	0.03
1236	PETRONILA	18	0.03
1237	ROSANNA	18	0.03
1238	TAIS	18	0.03
1239	AMY	17	0.03
1240	ANA CELIA	17	0.03
1241	ANA LUZ	17	0.03
1242	ANABELA	17	0.03
1243	AYA	17	0.03
1244	BALTASARA	17	0.03
1245	BEATRIZ EUGENIA	17	0.03
1246	BRUNA	17	0.03
1247	CARMEN ESTHER	17	0.03
1248	CARMEN LUCIA	17	0.03
1249	CRISTIANE	17	0.03
1250	DANIA	17	0.03
1251	EUSEBIA	17	0.03
1252	EVA ISABEL	17	0.03
1253	GRACIELA MARIA	17	0.03
1254	HELENA MARIA	17	0.03
1255	IMANE	17	0.03
1256	IVANA MARIA	17	0.03
1257	JENNY	17	0.03
1258	KENIA	17	0.03
1259	KIRA	17	0.03
1260	LILIAN	17	0.03
1261	LORENZA	17	0.03
1262	MAGALI	17	0.03
1263	MARIA DINA	17	0.03
1264	MARIA PINO	17	0.03
1265	MARIA SABINA	17	0.03
1266	MARY	17	0.03
1267	MELANI	17	0.03
1268	MONICA ISABEL	17	0.03
1269	MURIEL	17	0.03
1270	NEREA MARIA	17	0.03
1271	NICOLETA	17	0.03
1272	ROXANA	17	0.03
1273	SAADIA	17	0.03
1274	SONIA BELEN	17	0.03
1275	YOVANA	17	0.03
1276	ANA ESTHER	16	0.03
1277	ANA ROCIO	16	0.03
1278	ANGELINES	16	0.03
1279	ANTONELLA	16	0.03
1280	ARIA	16	0.03
1281	BENILDA	16	0.03
1282	CANDIDA MARIA	16	0.03
1283	CARMEN CONCEPCION	16	0.03
1284	CARMEN JULIA	16	0.03
1285	CASTORA	16	0.03
1286	CONCHA	16	0.03
1287	DUNA	16	0.03
1288	EMILIA CARMEN	16	0.03
1289	ENARA	16	0.03
1290	GAIA	16	0.03
1291	HERMESINDA	16	0.03
1292	HILARIA	16	0.03
1293	IRUNE	16	0.03
1294	ISIS	16	0.03
1295	IVONNE	16	0.03
1296	KARIMA	16	0.03
1297	LAURA ISABEL	16	0.03
1298	LILA	16	0.03
1299	LUZ ELENA	16	0.03
1300	LUZ STELLA	16	0.03
1301	MARIA CARMEN JOSEFA	16	0.03
1302	MARIA CLAUDIA	16	0.03
1303	MARIA DULZURA	16	0.03
1304	MARIA ELIZABETH	16	0.03
1305	MARIA ETELVINA	16	0.03
1306	MARIA FIDELINA	16	0.03
1307	MARIA KARINA	16	0.03
1308	MARIA LILIANA	16	0.03
1309	MARIA RUFINA	16	0.03
1310	MARIA SABELA	16	0.03
1311	MARIA ZULEMA	16	0.03
1312	MIRTA	16	0.03
1313	MONICA PATRICIA	16	0.03
1314	MONTSERRAT MARIA	16	0.03
1315	NAROA	16	0.03
1316	NEREIDA	16	0.03
1317	NOA MARIA	16	0.03
1318	ROSALIA MARIA	16	0.03
1319	SEBASTIANA	16	0.03
1320	SILA	16	0.03
1321	SONIA ISABEL	16	0.03
1322	STEFANIA	16	0.03
1323	AGATA	15	0.03
1324	AHINARA	15	0.03
1325	ALMUDENA MARIA	15	0.03
1326	ANNE	15	0.03
1327	ANTOLINA	15	0.03
1328	AQUILINA	15	0.03
1329	ARANTZAZU	15	0.03
1330	BEATRIZ ELENA	15	0.03
1331	CARMEN BEATRIZ	15	0.03
1332	CARMEN LUISA	15	0.03
1333	CONSTANZA	15	0.03
1334	DIANA MARCELA	15	0.03
1335	DOLORES MERCEDES	15	0.03
1336	ELBA MARIA	15	0.03
1337	ELIANE	15	0.03
1338	ELVA MARIA	15	0.03
1339	ESTRELA	15	0.03
1340	FATIHA	15	0.03
1341	FLORICA	15	0.03
1342	HAIZEA	15	0.03
1343	HUMILDE	15	0.03
1344	IGNACIA	15	0.03
1345	ILDUARA	15	0.03
1346	ILUMINADA	15	0.03
1347	INDIA	15	0.03
1348	IRIMIA	15	0.03
1349	JANAINA	15	0.03
1350	JAQUELINE	15	0.03
1351	JESICA MARIA	15	0.03
1352	JOSEFA ROSA	15	0.03
1353	LIBIA	15	0.03
1354	LUCIA CARMEN	15	0.03
1355	LUCIA ISABEL	15	0.03
1356	LUDIVINA	15	0.03
1357	MAFALDA	15	0.03
1358	MAGALY	15	0.03
1359	MALIKA	15	0.03
1360	MARIA ALIDA	15	0.03
1361	MARIA CARMEN PILAR	15	0.03
1362	MARIA DOMITILA	15	0.03
1363	MARIA ELDA	15	0.03
1364	MARIA FABIOLA	15	0.03
1365	MARIA FINA	15	0.03
1366	MARIA IGNACIA	15	0.03
1367	MARIA ROSANA	15	0.03
1368	MARIETA	15	0.03
1369	MARTA SUSANA	15	0.03
1370	MATILDE MARIA	15	0.03
1371	MIRELA	15	0.03
1372	MIRYAM	15	0.03
1373	NOAH	15	0.03
1374	ROSARIO MARIA	15	0.03
1375	SHAILA MARIA	15	0.03
1376	SIMONA	15	0.03
1377	SIMONE	15	0.03
1378	SOL	15	0.03
1379	STEPHANIE	15	0.03
1380	TERESA CARMEN	15	0.03
1381	VANIA	15	0.03
1382	VILMA	15	0.03
1383	YULIA	15	0.03
1384	YURENA	15	0.03
1385	ALBERTA	14	0.02
1386	ALBERTINA	14	0.02
1387	ANA ELISA	14	0.02
1388	ANA GABRIELA	14	0.02
1389	ANNABEL	14	0.02
1390	ARSENIA	14	0.02
1391	AURIA	14	0.02
1392	BABILA	14	0.02
1393	BETTY	14	0.02
1394	BLANCA ROSA	14	0.02
1395	CAMELIA	14	0.02
1396	CARMEN SARA	14	0.02
1397	CORALIA	14	0.02
1398	DALILA	14	0.02
1399	DORA MARIA	14	0.02
1400	DULZURA	14	0.02
1401	DUNIA	14	0.02
1402	ERMELINDA	14	0.02
1403	GABRIELA ALEJANDRA	14	0.02
1404	GISELLE	14	0.02
1405	INDIRA	14	0.02
1406	IRIS MARIA	14	0.02
1407	JACOBA	14	0.02
1408	JANIRA	14	0.02
1409	JAZMIN	14	0.02
1410	JOSEFA AMALIA	14	0.02
1411	JOSEFA ESTHER	14	0.02
1412	LATIFA	14	0.02
1413	LAUDELINA	14	0.02
1414	LEONILA	14	0.02
1415	MARIA AMOR	14	0.02
1416	MARIA FUENSANTA	14	0.02
1417	MARIA LUJAN	14	0.02
1418	MARIA NELLY	14	0.02
1419	MARIA NILDA	14	0.02
1420	MARIA RUTH	14	0.02
1421	MARIA VENTURA	14	0.02
1422	MATILDA	14	0.02
1423	MERITXELL	14	0.02
1424	MIRELLA	14	0.02
1425	OMAIRA	14	0.02
1426	ORENTINA	14	0.02
1427	PERPETUA	14	0.02
1428	ROSA MARGARITA	14	0.02
1429	ROSA PILAR	14	0.02
1430	SOLANGE	14	0.02
1431	SYLVIA	14	0.02
1432	YASMINE	14	0.02
1433	YESENIA	14	0.02
1434	YOMARA	14	0.02
1435	ALBA LUCIA	13	0.02
1436	ALESANDRA	13	0.02
1437	ALICE	13	0.02
1438	ALINE	13	0.02
1439	ANA GLORIA	13	0.02
1440	ARIANE	13	0.02
1441	ASTRID	13	0.02
1442	BANESA	13	0.02
1443	CARMEN EMILIA	13	0.02
1444	CARMEN JOSEFINA	13	0.02
1445	CAROL	13	0.02
1446	CATALINA MARIA	13	0.02
1447	CINTIA MARIA	13	0.02
1448	CRISTINA PILAR	13	0.02
1449	DIANA PATRICIA	13	0.02
1450	ELVIRA CARMEN	13	0.02
1451	EVARISTA	13	0.02
1452	EVELIA	13	0.02
1453	FELIPA	13	0.02
1454	GABRIELLA	13	0.02
1455	GREGORIA	13	0.02
1456	HANAN	13	0.02
1457	IDOIA	13	0.02
1458	INMACULADA MARIA	13	0.02
1459	IONELA	13	0.02
1460	JENNIFER MARIA	13	0.02
1461	JOANNA	13	0.02
1462	LINA MARCELA	13	0.02
1463	LUZ MERY	13	0.02
1464	MARGARITA ISABEL	13	0.02
1465	MARIA AGUEDA	13	0.02
1466	MARIA ALICE	13	0.02
1467	MARIA CARMEN ISABEL	13	0.02
1468	MARIA CARMEN MERCEDES	13	0.02
1469	MARIA EDUARDA	13	0.02
1470	MARIA ELOISA	13	0.02
1471	MARIA ESTIBALIZ	13	0.02
1472	MARIA FELICITA	13	0.02
1473	MARIA FUENCISLA	13	0.02
1474	MARIA GUMERSINDA	13	0.02
1475	MARIA HERMELINDA	13	0.02
1476	MARIA JULIANA	13	0.02
1477	MARIA LUCILA	13	0.02
1478	MARIA LYDIA	13	0.02
1479	MARTHA LUCIA	13	0.02
1480	MARWA	13	0.02
1481	MELANY	13	0.02
1482	MERCEDES JOSEFA	13	0.02
1483	MICHELE	13	0.02
1484	NAYLA	13	0.02
1485	OLGA BEATRIZ	13	0.02
1486	ORLINDA	13	0.02
1487	ROSA DOLORES	13	0.02
1488	ROSALBA	13	0.02
1489	SAIDA	13	0.02
1490	SALVADORA	13	0.02
1491	SVETLANA	13	0.02
1492	UXUE	13	0.02
1493	VISITA	13	0.02
1494	XISELA	13	0.02
1495	YESSICA MARIA	13	0.02
1496	ALANA	12	0.02
1497	ALDA	12	0.02
1498	ALEXANDRA MARIA	12	0.02
1499	ALICIA BEATRIZ	12	0.02
1500	ALTAGRACIA	12	0.02
1501	ANA ABEL	12	0.02
1502	ANGUSTIA	12	0.02
1503	ANTONIA JOSEFA	12	0.02
1504	BLANCA ESTHER	12	0.02
1505	CARMEN ALICIA	12	0.02
1506	CARMEN GLORIA	12	0.02
1507	CARMEN ROSARIO	12	0.02
1508	CLAUDIA ALEJANDRA	12	0.02
1509	CORNELIA	12	0.02
1510	CRISTEL	12	0.02
1511	CRISTINA CARMEN	12	0.02
1512	CRUZ MARIA	12	0.02
1513	DANAE	12	0.02
1514	EDITH	12	0.02
1515	EDUVIGIS	12	0.02
1516	EKATERINA	12	0.02
1517	ELAINE	12	0.02
1518	EUMELIA	12	0.02
1519	EUNICE	12	0.02
1520	EVELIN	12	0.02
1521	FATIMA ZAHRA	12	0.02
1522	FATOU	12	0.02
1523	FELICIANA	12	0.02
1524	GEORGETA	12	0.02
1525	HERMINIA MARIA	12	0.02
1526	HIPOLITA	12	0.02
1527	HONORINA	12	0.02
1528	IDA	12	0.02
1529	IRIA FLAVIA	12	0.02
1530	IRYNA	12	0.02
1531	ISABEL CARMEN	12	0.02
1532	IZASKUN	12	0.02
1533	JOHANA	12	0.02
1534	JOSEFA CONCEPCION	12	0.02
1535	JOSEFA TERESA	12	0.02
1536	JUANA ANTONIA	12	0.02
1537	JUNE	12	0.02
1538	JUVENTINA	12	0.02
1539	LARISA	12	0.02
1540	LEOCADIA	12	0.02
1541	LILIANA MARIA	12	0.02
1542	LIS	12	0.02
1543	MAIKA	12	0.02
1544	MALAK	12	0.02
1545	MANUELA MERCEDES	12	0.02
1546	MARGOT	12	0.02
1547	MARIA ABEL	12	0.02
1548	MARIA ADOLFINA	12	0.02
1549	MARIA AMADORA	12	0.02
1550	MARIA ANTIA	12	0.02
1551	MARIA ARSILIA	12	0.02
1552	MARIA CARINA	12	0.02
1553	MARIA CORALIA	12	0.02
1554	MARIA DALIA	12	0.02
1555	MARIA ENEDINA	12	0.02
1556	MARIA FLORES	12	0.02
1557	MARIA GENMA	12	0.02
1558	MARIA GEORGINA	12	0.02
1559	MARIA HELGA	12	0.02
1560	MARIA JUNCAL	12	0.02
1561	MARIA MICAELA	12	0.02
1562	MARIA OLALLA	12	0.02
1563	MARIA TRANSITO	12	0.02
1564	MARICELA	12	0.02
1565	MARILYN	12	0.02
1566	MARINA MARIA	12	0.02
1567	MARLEN	12	0.02
1568	MARTA LUCIA	12	0.02
1569	MARTA LUISA	12	0.02
1570	NOEMIA	12	0.02
1571	ORIANA	12	0.02
1572	PATRICIA ISABEL	12	0.02
1573	ROMINA MARIA	12	0.02
1574	ROSA MERCEDES	12	0.02
1575	SILVIA CRISTINA	12	0.02
1576	SOPHIE	12	0.02
1577	TERESA DOLORES	12	0.02
1578	WENDY	12	0.02
1579	YAEL	12	0.02
1580	ZARA	12	0.02
1581	ZOHRA	12	0.02
1582	ADELIA	11	0.02
1583	AINA	11	0.02
1584	AISSATOU	11	0.02
1585	ALEKSANDRA	11	0.02
1586	ALEXIA MARIA	11	0.02
1587	AMAL	11	0.02
1588	AMINATA	11	0.02
1589	ANA CLARA	11	0.02
1590	ANA MARINA	11	0.02
1591	ANDREEA	11	0.02
1592	ANDREINA	11	0.02
1593	ARIANNE	11	0.02
1594	ARMANDA	11	0.02
1595	AROHA	11	0.02
1596	BALBANERA	11	0.02
1597	CARMEN CONSUELO	11	0.02
1598	CARMEN DIVINA	11	0.02
1599	CARMEN VICTORIA	11	0.02
1600	CAROLA	11	0.02
1601	DEBORA MARIA	11	0.02
1602	DEOLINDA	11	0.02
1603	DEVORA	11	0.02
1604	DEYANIRA	11	0.02
1605	DOMINICA	11	0.02
1606	ELENA PILAR	11	0.02
1607	ELISANGELA	11	0.02
1608	ELVIA	11	0.02
1609	ENMA MARIA	11	0.02
1610	ERICA MARIA	11	0.02
1611	ERIKA MARIA	11	0.02
1612	ESTRELLA CARMEN	11	0.02
1613	EVA BEATRIZ	11	0.02
1614	GLORIA AMPARO	11	0.02
1615	GLORIA INES	11	0.02
1616	HANNA	11	0.02
1617	HELIA	11	0.02
1618	IOLANDA	11	0.02
1619	JADE	11	0.02
1620	JOSEFA JUANA	11	0.02
1621	JOSEFA MERCEDES	11	0.02
1622	JULIA CARMEN	11	0.02
1623	JUNCAL	11	0.02
1624	KATIA MARIA	11	0.02
1625	LAURA PATRICIA	11	0.02
1626	LIUDMILA	11	0.02
1627	LUZ DARY	11	0.02
1628	LYDIA MARIA	11	0.02
1629	MARCELA ALEJANDRA	11	0.02
1630	MARGARIDA	11	0.02
1631	MARIA AGRIPINA	11	0.02
1632	MARIA AMADA	11	0.02
1633	MARIA AURITA	11	0.02
1634	MARIA BARBARA	11	0.02
1635	MARIA BRIGIDA	11	0.02
1636	MARIA CARMO	11	0.02
1637	MARIA CINTA	11	0.02
1638	MARIA CRISTAL	11	0.02
1639	MARIA DOROTEA	11	0.02
1640	MARIA EMILIANA	11	0.02
1641	MARIA ERIKA	11	0.02
1642	MARIA JOVITA	11	0.02
1643	MARIA MABEL	11	0.02
1644	MARIA MINIA	11	0.02
1645	MARIA NOEL	11	0.02
1646	MARIA OLIVIA	11	0.02
1647	MARIA PAMELA	11	0.02
1648	MARIA PAULINA	11	0.02
1649	MARIA PERFECTA	11	0.02
1650	MARIA PERPETUO SOCORRO	11	0.02
1651	MARIA SALUD	11	0.02
1652	MARINA DOLORES	11	0.02
1653	MARY CRUZ	11	0.02
1654	MAYRA ALEJANDRA	11	0.02
1655	MERCEDES CARMEN	11	0.02
1656	MERCEDES ISABEL	11	0.02
1657	MERCEDES PILAR	11	0.02
1658	MIREN	11	0.02
1659	MONICA ALEJANDRA	11	0.02
1660	NAJAT	11	0.02
1661	NIDIA	11	0.02
1662	NIKOLE	11	0.02
1663	OBDULIA MARIA	11	0.02
1664	OLGA LUCIA	11	0.02
1665	OVIDIA	11	0.02
1666	PACITA	11	0.02
1667	REBECCA	11	0.02
1668	REGINA MARIA	11	0.02
1669	ROCIO CARMEN	11	0.02
1670	ROSA ELVIRA	11	0.02
1671	RUDESINDA	11	0.02
1672	SALUDINA	11	0.02
1673	SANTA	11	0.02
1674	SHARON	11	0.02
1675	SILVIA SUSANA	11	0.02
1676	SOUAD	11	0.02
1677	SOUMIA	11	0.02
1678	UXIA MARIA	11	0.02
1679	VITORIA	11	0.02
1680	YAMILA	11	0.02
1681	YANINA	11	0.02
1682	YULIANA	11	0.02
1683	ZAHIRA	11	0.02
1684	ZAIDA MARIA	11	0.02
1685	ZINEB	11	0.02
1686	ADHARA	10	0.02
1687	AIRA	10	0.02
1688	ALIS	10	0.02
1689	AMPARO MARIA	10	0.02
1690	ANA ALICIA	10	0.02
1691	ANA AURORA	10	0.02
1692	ANA CECILIA	10	0.02
1693	ANA EVA	10	0.02
1694	ANA MARTA	10	0.02
1695	ANGELA ISABEL	10	0.02
1696	ANTONINA	10	0.02
1697	ARACELI MARIA	10	0.02
1698	AYLA	10	0.02
1699	CANDELA MARIA	10	0.02
1700	CARMEN AMALIA	10	0.02
1701	CARMEN AMELIA	10	0.02
1702	CARMEN AVELINA	10	0.02
1703	CARMEN ESPERANZA	10	0.02
1704	CARMEN INES	10	0.02
1705	CARMEN MARGARITA	10	0.02
1706	CARMEN MARINA	10	0.02
1707	CARMEN PATRICIA	10	0.02
1708	CASIMIRA	10	0.02
1709	CIRA	10	0.02
1710	CLAUDIA LORENA	10	0.02
1711	CRISANTA	10	0.02
1712	CRISTINA BEATRIZ	10	0.02
1713	DOLORES ISABEL	10	0.02
1714	DORIS	10	0.02
1715	DULCE NOMBRE MARIA	10	0.02
1716	EIDER	10	0.02
1717	ELENA BEATRIZ	10	0.02
1718	ELMA	10	0.02
1719	EMERENCIANA	10	0.02
1720	EMILIA JOSEFA	10	0.02
1721	ENYA	10	0.02
1722	ESTEFANIA MARIA	10	0.02
1723	EVA CRISTINA	10	0.02
1724	EVERILDA	10	0.02
1725	FATNA	10	0.02
1726	FELISA MARIA	10	0.02
1727	FERNANDA MARIA	10	0.02
1728	FUENCISLA	10	0.02
1729	GABRIELA MARIA	10	0.02
1730	GENMA MARIA	10	0.02
1731	GERMANA	10	0.02
1732	HABIBA	10	0.02
1733	HAJAR	10	0.02
1734	ILDEFONSA	10	0.02
1735	ILIANA	10	0.02
1736	IRIANA	10	0.02
1737	ISABEL VICTORIA	10	0.02
1738	IVANNA	10	0.02
1739	JENARA	10	0.02
1740	JOSEFA AMPARO	10	0.02
1741	JOSEFA ANGELES	10	0.02
1742	JOSEFA BEATRIZ	10	0.02
1743	JOSEFA ELENA	10	0.02
1744	JOSEFA LUISA	10	0.02
1745	KAOUTAR	10	0.02
1746	LAURA ALEJANDRA	10	0.02
1747	LEONARDA	10	0.02
1748	LURDES	10	0.02
1749	LUZ ADRIANA	10	0.02
1750	MAGINA	10	0.02
1751	MAIDER	10	0.02
1752	MARIA ALTAGRACIA	10	0.02
1753	MARIA AMAYA	10	0.02
1754	MARIA ANITA	10	0.02
1755	MARIA BANESA	10	0.02
1756	MARIA BIBIANA	10	0.02
1757	MARIA CLEMENCIA	10	0.02
1758	MARIA CONSTANZA	10	0.02
1759	MARIA DEMELSA	10	0.02
1760	MARIA DESAMPARADOS	10	0.02
1761	MARIA DORES	10	0.02
1762	MARIA EFIGENIA	10	0.02
1763	MARIA FELICIA	10	0.02
1764	MARIA FERMINA	10	0.02
1765	MARIA HENAR	10	0.02
1766	MARIA ILUMINADA	10	0.02
1767	MARIA LEONIDES	10	0.02
1768	MARIA LUZDIVINA	10	0.02
1769	MARIA MARISA	10	0.02
1770	MARIA NAZARETH	10	0.02
1771	MARIA PAOLA	10	0.02
1772	MARIA PRUDENCIA	10	0.02
1773	MARIA SHEILA	10	0.02
1774	MARIA VENERANDA	10	0.02
1775	MARIEL	10	0.02
1776	MARILENE	10	0.02
1777	MARINA JOSEFA	10	0.02
1778	MARINA PILAR	10	0.02
1779	MARUJA	10	0.02
1780	MARY SOL	10	0.02
1781	MARYAM	10	0.02
1782	MERYEM	10	0.02
1783	MONICA SUSANA	10	0.02
1784	MORAIMA	10	0.02
1785	NADIA MARIA	10	0.02
1786	NAILA	10	0.02
1787	NAZARETH	10	0.02
1788	NELA	10	0.02
1789	NICOL	10	0.02
1790	NOEMI MARIA	10	0.02
1791	ODILA	10	0.02
1792	OLALLA MARIA	10	0.02
1793	OLEGARIA	10	0.02
1794	OLGA CRISTINA	10	0.02
1795	OLGA PATRICIA	10	0.02
1796	OLVIDO	10	0.02
1797	PILAR JOSEFA	10	0.02
1798	RAMONA CARMEN	10	0.02
1799	SHARAY	10	0.02
1800	SILVANA MARIA	10	0.02
1801	SILVIA ISABEL	10	0.02
1802	SONIA PATRICIA	10	0.02
1803	STEFANIE	10	0.02
1804	SUELI	10	0.02
1805	SUSANA CARMEN	10	0.02
1806	SUSANA DOLORES	10	0.02
1807	TABITA	10	0.02
1808	TATIANE	10	0.02
1809	VICTORIA ISABEL	10	0.02
1810	VIORICA	10	0.02
1811	XENIA	10	0.02
1812	YANIRE	10	0.02
1813	YVONNE	10	0.02
1814	ZAHRA	10	0.02
1815	ALISON	9	0.02
1816	AMALIA DOLORES	9	0.02
1817	AMELIE	9	0.02
1818	ANA BEGOÑA	9	0.02
1819	ANA DELIA	9	0.02
1820	ANA JOSE	9	0.02
1821	ANA JOSEFA	9	0.02
1822	ANA LORENA	9	0.02
1823	ANA MARIA DOLORES	9	0.02
1824	ANA MATILDE	9	0.02
1825	ANA MILENA	9	0.02
1826	ANABELLA	9	0.02
1827	ANGELA CARMEN	9	0.02
1828	ANGELA MANUELA	9	0.02
1829	ANNA MARIA	9	0.02
1830	ANTELA	9	0.02
1831	ARMONIA	9	0.02
1832	ARTEMIA	9	0.02
1833	ASIA	9	0.02
1834	AWA	9	0.02
1835	BEATRIZ ISABEL	9	0.02
1836	CARMEN CELIA	9	0.02
1837	CARMEN MATILDE	9	0.02
1838	CARMEN PURIFICACION	9	0.02
1839	CARMEN SUSANA	9	0.02
1840	CAROLINA ISABEL	9	0.02
1841	CATIA	9	0.02
1842	CATRINA	9	0.02
1843	CELIA CARMEN	9	0.02
1844	CHRISTELLE	9	0.02
1845	CLAUDIA MILENA	9	0.02
1846	CRESCENCIA	9	0.02
1847	CRISTINA VICTORIA	9	0.02
1848	DAISY	9	0.02
1849	DEMETRIA	9	0.02
1850	DINA MARIA	9	0.02
1851	DIVINA MARIA	9	0.02
1852	ELENA CARMEN	9	0.02
1853	ELENA CRISTINA	9	0.02
1854	ELVIRA ISABEL	9	0.02
1855	ERIN	9	0.02
1856	ERNESTA	9	0.02
1857	EUDOSIA	9	0.02
1858	FATIMA EZZAHRA	9	0.02
1859	FLORINA	9	0.02
1860	FRANCISCA JOSEFA	9	0.02
1861	FRANCISCA PILAR	9	0.02
1862	GEORGIANA	9	0.02
1863	GLORIA ISABEL	9	0.02
1864	GRACIA	9	0.02
1865	GRACIANA	9	0.02
1866	HAFIDA	9	0.02
1867	HELEN	9	0.02
1868	ILHAM	9	0.02
1869	JAMILA	9	0.02
1870	JANETH	9	0.02
1871	JANIRE	9	0.02
1872	JESUSA CARMEN	9	0.02
1873	JOANA MARIA	9	0.02
1874	JOAQUINA MARIA	9	0.02
1875	JOSEFA AURORA	9	0.02
1876	JOSEFA ENCARNACION	9	0.02
1877	JUANA DOLORES	9	0.02
1878	JUANA ISABEL	9	0.02
1879	JULIA ISABEL	9	0.02
1880	KATYA	9	0.02
1881	LAUDINA	9	0.02
1882	LEDA	9	0.02
1883	LIANA	9	0.02
1884	LIDYA	9	0.02
1885	LINDA	9	0.02
1886	LUCY	9	0.02
1887	LUPE	9	0.02
1888	MAICA	9	0.02
1889	MANUELA ESTHER	9	0.02
1890	MANUELA PILAR	9	0.02
1891	MARIA ANGELITA	9	0.02
1892	MARIA ANGUSTIA	9	0.02
1893	MARIA BEGONIA	9	0.02
1894	MARIA BELINDA	9	0.02
1895	MARIA CARMEN CONCEPCION	9	0.02
1896	MARIA CIELO	9	0.02
1897	MARIA DANIELA	9	0.02
1898	MARIA ELADIA	9	0.02
1899	MARIA JOSEFA CARMEN	9	0.02
1900	MARIA JOSEFA PILAR	9	0.02
1901	MARIA JUDITH	9	0.02
1902	MARIA LIBERTAD	9	0.02
1903	MARIA PATROCINIO	9	0.02
1904	MARIA ROMINA	9	0.02
1905	MARIA TERESA DOLORES	9	0.02
1906	MARIA VICTORINA	9	0.02
1907	MARIA ZOILA	9	0.02
1908	MARLENY	9	0.02
1909	MARLI	9	0.02
1910	MARTA TERESA	9	0.02
1911	MARTHA ISABEL	9	0.02
1912	MAXIMA	9	0.02
1913	MEGAN	9	0.02
1914	MERY	9	0.02
1915	MILAGROS MARIA	9	0.02
1916	MOIRA	9	0.02
1917	NANCI	9	0.02
1918	NATALI	9	0.02
1919	NATALIYA	9	0.02
1920	NORMA BEATRIZ	9	0.02
1921	NORMA MARIA	9	0.02
1922	NURIA ESTHER	9	0.02
1923	NURIA ISABEL	9	0.02
1924	ODILIA	9	0.02
1925	OLENA	9	0.02
1926	OLGA LIDIA	9	0.02
1927	OTILIA MARIA	9	0.02
1928	OUMAIMA	9	0.02
1929	PATRICIA BEATRIZ	9	0.02
1930	PATROCINIO	9	0.02
1931	RAMONA JOSEFA	9	0.02
1932	ROLINDES	9	0.02
1933	ROSA BEATRIZ	9	0.02
1934	ROSA BELEN	9	0.02
1935	ROSA MANUELA	9	0.02
1936	ROSA MARINA	9	0.02
1937	ROSMERY	9	0.02
1938	ROSSANA	9	0.02
1939	RUBI	9	0.02
1940	SARA CARMEN	9	0.02
1941	SEFORA	9	0.02
1942	SINDY	9	0.02
1943	SINFOROSA	9	0.02
1944	SOFIA ISABEL	9	0.02
1945	SOLEDAD MARIA	9	0.02
1946	SUSANA BELEN	9	0.02
1947	SUSANA CRISTINA	9	0.02
1948	TAREIXA	9	0.02
1949	TERESA PILAR	9	0.02
1950	URSULA MARIA	9	0.02
1951	VALERIE	9	0.02
1952	VALLE	9	0.02
1953	WALDINA	9	0.02
1954	YAMILE	9	0.02
1955	YAN	9	0.02
1956	ZAYRA	9	0.02
1957	ZURIÑE	9	0.02
1958	AINHOA MARIA	8	0.01
1959	AMANDINA	8	0.01
1960	ANA CLAUDIA	8	0.01
1961	ANA CONCEPCION	8	0.01
1962	ANA ELVIRA	8	0.01
1963	ANA ESMERALDA	8	0.01
1964	ANA FATIMA	8	0.01
1965	ANA GUADALUPE	8	0.01
1966	ANA MAGDALENA	8	0.01
1967	ANA MANUELA	8	0.01
1968	ANA MARIA PILAR	8	0.01
1969	ANDREA ALEJANDRA	8	0.01
1970	ANDREA VICTORIA	8	0.01
1971	ANGELA JOSEFA	8	0.01
1972	ANGELA PATRICIA	8	0.01
1973	ANILDA	8	0.01
1974	ARALE	8	0.01
1975	ARGELIA	8	0.01
1976	ASUNCION MARIA	8	0.01
1977	AURA	8	0.01
1978	AURELIA MARIA	8	0.01
1979	BEATRICE	8	0.01
1980	BEATRIZ TERESA	8	0.01
1981	CARMEN AMERICA	8	0.01
1982	CARMEN ASUNCION	8	0.01
1983	CARMEN BEGOÑA	8	0.01
1984	CARMEN CRISTINA	8	0.01
1985	CARMEN LUZ	8	0.01
1986	CARMEN MAGDALENA	8	0.01
1987	CARMEN NIEVES	8	0.01
1988	CARMEN OLGA	8	0.01
1989	CARMEN RAMONA	8	0.01
1990	CATHERINA	8	0.01
1991	CELINA MARIA	8	0.01
1992	CELSINA	8	0.01
1993	CLARA INES	8	0.01
1994	CLAUDIA CRISTINA	8	0.01
1995	CORSINA	8	0.01
1996	CRISTAL	8	0.01
1997	CRISTIANA	8	0.01
1998	CYNTHIA MARIA	8	0.01
1999	DANIELA ALEJANDRA	8	0.01
2000	DANIELA MARIA	8	0.01
2001	DANNA	8	0.01
2002	EILA	8	0.01
2003	ELENA PATRICIA	8	0.01
2004	ELINA	8	0.01
2005	ELPIDIA	8	0.01
2006	EUFEMIA	8	0.01
2007	FATIMA ZOHRA	8	0.01
2008	GARA	8	0.01
2009	GINA	8	0.01
2010	GIOVANA	8	0.01
2011	GLORIA CARMEN	8	0.01
2012	GRACIA MARIA	8	0.01
2013	HELGA MARIA	8	0.01
2014	IDOYA	8	0.01
2015	IRMA MARIA	8	0.01
2016	ISABEL DOLORES	8	0.01
2017	ISABEL JOSEFA	8	0.01
2018	IVONE	8	0.01
2019	JACKELINE	8	0.01
2020	JAEL	8	0.01
2021	JENNIFFER	8	0.01
2022	JEZABEL	8	0.01
2023	JOSEFA MARINA	8	0.01
2024	JOSEFA PURIFICACION	8	0.01
2025	JOSEFA ROSARIO	8	0.01
2026	JOSEFINA CARMEN	8	0.01
2027	JUANA ROSA	8	0.01
2028	JULIA JOSEFA	8	0.01
2029	JUSTINA	8	0.01
2030	KATERINA	8	0.01
2031	KAYLA	8	0.01
2032	LAURA CARMEN	8	0.01
2033	LAURA GABRIELA	8	0.01
2034	LAURA VICTORIA	8	0.01
2035	LEIA	8	0.01
2036	LEONILDA	8	0.01
2037	LOREDANA	8	0.01
2038	LUISA CARMEN	8	0.01
2039	LUISA MERCEDES	8	0.01
2040	LUZ MARY	8	0.01
2041	MAGDA	8	0.01
2042	MAIALEN	8	0.01
2043	MAITANE	8	0.01
2044	MANUELA FRANCISCA	8	0.01
2045	MANUELA LUISA	8	0.01
2046	MARIA ADA	8	0.01
2047	MARIA ARMINDA	8	0.01
2048	MARIA BERNARDINA	8	0.01
2049	MARIA BIENVENIDA	8	0.01
2050	MARIA CAMELIA	8	0.01
2051	MARIA CORO	8	0.01
2052	MARIA CORONA	8	0.01
2053	MARIA DOLORES PILAR	8	0.01
2054	MARIA EDICTA	8	0.01
2055	MARIA ERMINDA	8	0.01
2056	MARIA HERMESINDA	8	0.01
2057	MARIA IMELDA	8	0.01
2058	MARIA INMACULADA CONCEPCION	8	0.01
2059	MARIA IVONNE	8	0.01
2060	MARIA JENNIFER	8	0.01
2061	MARIA JIMENA	8	0.01
2062	MARIA JUSTA	8	0.01
2063	MARIA LUISA DOLORES	8	0.01
2064	MARIA NANCY	8	0.01
2065	MARIA NARCISA	8	0.01
2066	MARIA NORMA	8	0.01
2067	MARIA PERLA	8	0.01
2068	MARIA PRIMITIVA	8	0.01
2069	MARIA ROSARIO FATIMA	8	0.01
2070	MARIA SECUNDINA	8	0.01
2071	MARIA SILVANA	8	0.01
2072	MARIA SINDA	8	0.01
2073	MARIA TERESA CARMEN	8	0.01
2074	MARIA TERESITA	8	0.01
2075	MARIA VICTORIA EUGENIA	8	0.01
2076	MARIANNE	8	0.01
2077	MARICEL	8	0.01
2078	MARIIA	8	0.01
2079	MARINA MERCEDES	8	0.01
2080	MARISELA	8	0.01
2081	MARTA CRISTINA	8	0.01
2082	MAURA	8	0.01
2083	MELINDA	8	0.01
2084	MERCEDES DOLORES	8	0.01
2085	MERCEDES VICTORIA	8	0.01
2086	MIRTHA	8	0.01
2087	NATALIA SOLEDAD	8	0.01
2088	NATALIE	8	0.01
2089	NATALY	8	0.01
2090	NAYELI	8	0.01
2091	NELIDA MARIA	8	0.01
2092	NOEMY	8	0.01
2093	NOOR	8	0.01
2094	NORAH	8	0.01
2095	NUBIA	8	0.01
2096	OIHANE	8	0.01
2097	OLGA ISABEL	8	0.01
2098	OLIVA MARIA	8	0.01
2099	ONELIA	8	0.01
2100	ORFELINA	8	0.01
2101	ORFILIA	8	0.01
2102	PATRICIA ALEJANDRA	8	0.01
2103	PILAR MERCEDES	8	0.01
2104	PLACER	8	0.01
2105	RAMIRA	8	0.01
2106	ROSALINDA	8	0.01
2107	ROSANGELA	8	0.01
2108	ROSINDA	8	0.01
2109	SABELA MARIA	8	0.01
2110	SANDRA CRISTINA	8	0.01
2111	SELMA	8	0.01
2112	SILVIA ALEJANDRA	8	0.01
2113	SINDA	8	0.01
2114	STELA	8	0.01
2115	SUSANA ISABEL	8	0.01
2116	TANIA ISABEL	8	0.01
2117	TIFFANY	8	0.01
2118	TINA	8	0.01
2119	TOURIA	8	0.01
2120	VALENTINA MARIA	8	0.01
2121	VICTORIA ANGELES	8	0.01
2122	YASMINA MARIA	8	0.01
2123	ZAHARA	8	0.01
2124	ADARA	7	0.01
2125	ADELINA MARIA	7	0.01
2126	ADRIANA ISABEL	7	0.01
2127	ADRIANA PATRICIA	7	0.01
2128	AILEN	7	0.01
2129	ALFONSINA	7	0.01
2130	ALIANA	7	0.01
2131	ALLA	7	0.01
2132	AMALIA CARMEN	7	0.01
2133	AMALIA JOSEFA	7	0.01
2134	AMELIA JOSEFA	7	0.01
2135	ANA BEL	7	0.01
2136	ANA BLANCA	7	0.01
2137	ANA CONSUELO	7	0.01
2138	ANA JESUS	7	0.01
2139	ANA MARIA CARMEN	7	0.01
2140	ANA MARY	7	0.01
2141	ANA VIRGINIA	7	0.01
2142	ANALI	7	0.01
2143	ANDREA CRISTINA	7	0.01
2144	ANGIE	7	0.01
2145	ANICETA	7	0.01
2146	ANTONIA DOLORES	7	0.01
2147	ARIANA MARIA	7	0.01
2148	AURORA ISABEL	7	0.01
2149	AYELEN	7	0.01
2150	AZUCENA MARIA	7	0.01
2151	BALBINA MARIA	7	0.01
2152	BASELISA	7	0.01
2153	BEATRIZ CARMEN	7	0.01
2154	BEATRIZ CRISTINA	7	0.01
2155	BEATRIZ PILAR	7	0.01
2156	BEATRIZ SUSANA	7	0.01
2157	BIBIANA MARIA	7	0.01
2158	BLANCA FLOR	7	0.01
2159	BLANCA ISABEL	7	0.01
2160	BRENDA MARIA	7	0.01
2161	CANDIDA ROSA	7	0.01
2162	CARLA ISABEL	7	0.01
2163	CARLOTTA	7	0.01
2164	CARMELINA	7	0.01
2165	CARMEN ANDREA	7	0.01
2166	CARMEN AURORA	7	0.01
2167	CARMEN DELIA	7	0.01
2168	CARMEN ELISA	7	0.01
2169	CARMEN ESTRELLA	7	0.01
2170	CARMEN EUGENIA	7	0.01
2171	CARMEN FRANCISCA	7	0.01
2172	CARMEN LAURA	7	0.01
2173	CARMEN LOURDES	7	0.01
2174	CAROLINE	7	0.01
2175	CEFERINA	7	0.01
2176	CHIARA	7	0.01
2177	CHRISTINA	7	0.01
2178	CINDY	7	0.01
2179	CONCEPCION ISABEL	7	0.01
2180	CONSUELO ISABEL	7	0.01
2181	DAIANA	7	0.01
2182	DAKOTA	7	0.01
2183	DENIS	7	0.01
2184	DENISSE	7	0.01
2185	DIAMANTINA	7	0.01
2186	DIANA ISABEL	7	0.01
2187	DOLORES RAMONA	7	0.01
2188	DOLORES TERESA	7	0.01
2189	DOMINGA MARIA	7	0.01
2190	DORITA	7	0.01
2191	EDELFINA	7	0.01
2192	EDILENE	7	0.01
2193	EDILIA	7	0.01
2194	ELENA MANUELA	7	0.01
2195	ELENA ROSA	7	0.01
2196	ELEUTERIA	7	0.01
2197	ELIDA MARIA	7	0.01
2198	ELIDIA	7	0.01
2199	ELVIRA DOLORES	7	0.01
2200	ERMINIA	7	0.01
2201	ERMITA	7	0.01
2202	ESTELA CARMEN	7	0.01
2203	EVA PATRICIA	7	0.01
2204	FE MARIA	7	0.01
2205	FELISA CARMEN	7	0.01
2206	FIONA	7	0.01
2207	FIORELLA	7	0.01
2208	FLORA CARMEN	7	0.01
2209	FLORIDA	7	0.01
2210	FRANCIA ELENA	7	0.01
2211	FRIDA	7	0.01
2212	GADEA	7	0.01
2213	GRISELDA	7	0.01
2214	GUIOMAR	7	0.01
2215	HALIMA	7	0.01
2216	HAYAT	7	0.01
2217	HERMELINA	7	0.01
2218	IKRAM	7	0.01
2219	ILEANA	7	0.01
2220	ILENIA	7	0.01
2221	IONICA	7	0.01
2222	IRAIDA	7	0.01
2223	IRAIDE	7	0.01
2224	ISABEL CONCEPCION	7	0.01
2225	ISABEL TERESA	7	0.01
2226	ISAURA MARIA	7	0.01
2227	ISIDRA	7	0.01
2228	ISRAA	7	0.01
2229	JEANETTE	7	0.01
2230	JOSEFA ANA	7	0.01
2231	JOSEFA ANGELA	7	0.01
2232	JOSEFA DELFINA	7	0.01
2233	JOSEFA ELVIRA	7	0.01
2234	JOSEFA FRANCISCA	7	0.01
2235	JOSEFA LUCIA	7	0.01
2236	JOSEFA MARGARITA	7	0.01
2237	JUANA JOSEFA	7	0.01
2238	JULIA ROSA	7	0.01
2239	JULIANA MARIA	7	0.01
2240	KARIN	7	0.01
2241	KAROLINA	7	0.01
2242	KATARZYNA	7	0.01
2243	KATY	7	0.01
2244	KHADY	7	0.01
2245	KIRENIA	7	0.01
2246	LAURA ANDREA	7	0.01
2247	LAURA BEATRIZ	7	0.01
2248	LAURA MERCEDES	7	0.01
2249	LAYLA	7	0.01
2250	LENUTA	7	0.01
2251	LOUBNA	7	0.01
2252	LUA MARIA	7	0.01
2253	LUCIA MANUELA	7	0.01
2254	LUISA VICTORIA	7	0.01
2255	LUJAN	7	0.01
2256	LUZ MAR	7	0.01
2257	MANUELA ANGELA	7	0.01
2258	MANUELA ENCARNACION	7	0.01
2259	MANUELA PURIFICACION	7	0.01
2260	MANUELA ROSARIO	7	0.01
2261	MANUELA TERESA	7	0.01
2262	MARGARITA CARMEN	7	0.01
2263	MARIA AMANDINA	7	0.01
2264	MARIA ANGELINES	7	0.01
2265	MARIA AQUILINA	7	0.01
2266	MARIA AUGUSTA	7	0.01
2267	MARIA BERNARDA	7	0.01
2268	MARIA CARMEN AURORA	7	0.01
2269	MARIA CARMEN ESTHER	7	0.01
2270	MARIA CARMEN OLGA	7	0.01
2271	MARIA DOLORES JOSEFA	7	0.01
2272	MARIA ELISABET	7	0.01
2273	MARIA EULOGIA	7	0.01
2274	MARIA GERTRUDIS	7	0.01
2275	MARIA GLADYS	7	0.01
2276	MARIA IRIS	7	0.01
2277	MARIA IVANA	7	0.01
2278	MARIA JACINTA	7	0.01
2279	MARIA JOSEFA DOLORES	7	0.01
2280	MARIA LEONISA	7	0.01
2281	MARIA LUISA FERNANDA	7	0.01
2282	MARIA MADALENA	7	0.01
2283	MARIA MELANIA	7	0.01
2284	MARIA NELY	7	0.01
2285	MARIA NICOLASA	7	0.01
2286	MARIA PUERTO	7	0.01
2287	MARIA RAIMUNDA	7	0.01
2288	MARIA ROSAURA	7	0.01
2289	MARIA SALETA	7	0.01
2290	MARIA SANTOS	7	0.01
2291	MARIA YESICA	7	0.01
2292	MARIA ZAIDA	7	0.01
2293	MARILENA	7	0.01
2294	MARINA LUISA	7	0.01
2295	MARINA VICTORIA	7	0.01
2296	MARINELA	7	0.01
2297	MARITE	7	0.01
2298	MARIYA	7	0.01
2299	MAYELIN	7	0.01
2300	MERCEDES MANUELA	7	0.01
2301	MERCEDES TERESA	7	0.01
2302	MONIKA	7	0.01
2303	MYRIAN	7	0.01
2304	NATACHA	7	0.01
2305	NATASHA	7	0.01
2306	NAYA	7	0.01
2307	NEUS	7	0.01
2308	NIRA	7	0.01
2309	NOUR	7	0.01
2310	NOURA	7	0.01
2311	OLATZ	7	0.01
2312	PAMELA MARIA	7	0.01
2313	PAOLA MARIA	7	0.01
2314	PATRICIA ANDREA	7	0.01
2315	PATRICIA MONICA	7	0.01
2316	PATRICIA SUSANA	7	0.01
2317	PAULA ALEXANDRA	7	0.01
2318	PAULA ISABEL	7	0.01
2319	PILAR ISABEL	7	0.01
2320	ROCIO BELEN	7	0.01
2321	ROCIO PILAR	7	0.01
2322	ROSA AMELIA	7	0.01
2323	ROSA ANGELES	7	0.01
2324	ROSA CLARA	7	0.01
2325	ROSARIO CARMEN	7	0.01
2326	SAIOA	7	0.01
2327	SALUD	7	0.01
2328	SARA DOLORES	7	0.01
2329	SARA MERCEDES	7	0.01
2330	SARA PATRICIA	7	0.01
2331	SHIRLEY	7	0.01
2332	SILVIA MONICA	7	0.01
2333	SILVIA PATRICIA	7	0.01
2334	SOLITA	7	0.01
2335	SORALLA	7	0.01
2336	SVITLANA	7	0.01
2337	TARA	7	0.01
2338	TERESITA	7	0.01
2339	TETIANA	7	0.01
2340	TIRSA	7	0.01
2341	UBALDA	7	0.01
2342	VASILICA	7	0.01
2343	VERONICA ALEJANDRA	7	0.01
2344	VICTORIA CARMEN	7	0.01
2345	VIDALINA	7	0.01
2346	VIVIAN	7	0.01
2347	WIAM	7	0.01
2348	XANDRA	7	0.01
2349	YAHAIRA	7	0.01
2350	YOLANDA BEATRIZ	7	0.01
2351	YSABEL	7	0.01
2352	ADAMA	6	0.01
2353	ADOSINDA	6	0.01
2354	ADRIANA BEATRIZ	6	0.01
2355	AFRICA MARIA	6	0.01
2356	AGUSTINA MARIA	6	0.01
2357	AIA	6	0.01
2358	AIMEE	6	0.01
2359	AINARA MARIA	6	0.01
2360	ALBA INES	6	0.01
2361	ALBA ROCIO	6	0.01
2362	ALDARA MARIA	6	0.01
2363	ALEIDA	6	0.01
2364	ALEJANDRA ISABEL	6	0.01
2365	ALFONSA	6	0.01
2366	ALISA	6	0.01
2367	ALMERINDA	6	0.01
2368	AMANCIA	6	0.01
2369	AMELIA CARMEN	6	0.01
2370	ANA AMELIA	6	0.01
2371	ANA CARLOTA	6	0.01
2372	ANA ELENA	6	0.01
2373	ANA ESPERANZA	6	0.01
2374	ANA ESTEFANIA	6	0.01
2375	ANA FRANCISCA	6	0.01
2376	ANA IRENE	6	0.01
2377	ANA JOSEFINA	6	0.01
2378	ANA LIDIA	6	0.01
2379	ANA LOURDES	6	0.01
2380	ANA MONTSERRAT	6	0.01
2381	ANA ROSARIO	6	0.01
2382	ANA RUTH	6	0.01
2383	ANA VERONICA	6	0.01
2384	ANAIR	6	0.01
2385	ANGELA DOLORES	6	0.01
2386	ANIRA	6	0.01
2387	ANISOARA	6	0.01
2388	ANNE MARIE	6	0.01
2389	ANNIA	6	0.01
2390	ANSELMA	6	0.01
2391	ANUSKA	6	0.01
2392	ARACELIS	6	0.01
2393	ARACELY	6	0.01
2394	ARGEMIRA	6	0.01
2395	ARIADNA MARIA	6	0.01
2396	AROA MARIA	6	0.01
2397	ARYA	6	0.01
2398	ASTOU	6	0.01
2399	ATILANA	6	0.01
2400	AURA MARIA	6	0.01
2401	AVRIL	6	0.01
2402	AZIZA	6	0.01
2403	BEATRIZ ANA	6	0.01
2404	BELIA	6	0.01
2405	BELLA	6	0.01
2406	BERTHA	6	0.01
2407	BETTINA	6	0.01
2408	BLANCA MARGARITA	6	0.01
2409	BRIANA	6	0.01
2410	CANDELAS	6	0.01
2411	CARMEN AMPARO	6	0.01
2412	CARMEN ANGELES	6	0.01
2413	CARMEN ELVIRA	6	0.01
2414	CARMEN FLORA	6	0.01
2415	CARMEN REGINA	6	0.01
2416	CARMEN ROCIO	6	0.01
2417	CARMEN SANDRA	6	0.01
2418	CARMEN SOFIA	6	0.01
2419	CARMEN SOLEDAD	6	0.01
2420	CARMEN YOLANDA	6	0.01
2421	CAROLINA CARMEN	6	0.01
2422	CELEDONIA	6	0.01
2423	CHABELI	6	0.01
2424	CONCEPCION CARMEN	6	0.01
2425	CONCEPCION MERCEDES	6	0.01
2426	CONSUELO CARMEN	6	0.01
2427	CONSUELO DOLORES	6	0.01
2428	CORAIMA	6	0.01
2429	CRISTINA ELENA	6	0.01
2430	CUSTODIA	6	0.01
2431	DANAY	6	0.01
2432	DANIELLE	6	0.01
2433	DAYANA CAROLINA	6	0.01
2434	DEISY	6	0.01
2435	DEVA	6	0.01
2436	DIGNA CARMEN	6	0.01
2437	DOINA	6	0.01
2438	DOLORES ANGELES	6	0.01
2439	DOLORES CONSUELO	6	0.01
2440	DOLORES EMILIA	6	0.01
2441	DOLORES FRANCISCA	6	0.01
2442	DOLORES MARINA	6	0.01
2443	DOLORES ROSA	6	0.01
2444	EDELINA	6	0.01
2445	EDINA	6	0.01
2446	EDUVIGES	6	0.01
2447	ELENA DOLORES	6	0.01
2448	ELEONORA	6	0.01
2449	ELIA MARIA	6	0.01
2450	ELITA	6	0.01
2451	ELIZABET	6	0.01
2452	ELIZANGELA	6	0.01
2453	ELMA MARIA	6	0.01
2454	ELVITA	6	0.01
2455	EMELINA	6	0.01
2456	ESCOLASTICA	6	0.01
2457	ESPERANZA ISABEL	6	0.01
2458	ESTEL	6	0.01
2459	ESTIVALIZ	6	0.01
2460	EUFRASIA	6	0.01
2461	EULALIA MARIA	6	0.01
2462	EVA BELEN	6	0.01
2463	EVA LUISA	6	0.01
2464	EVA SUSANA	6	0.01
2465	EVELINA	6	0.01
2466	FADOUA	6	0.01
2467	FARA	6	0.01
2468	FATIMA ISABEL	6	0.01
2469	FATMA	6	0.01
2470	FLORES	6	0.01
2471	FRANCISCA MANUELA	6	0.01
2472	GABINA	6	0.01
2473	GALIA	6	0.01
2474	GISELE	6	0.01
2475	GLORIA BEATRIZ	6	0.01
2476	GLORIA LUISA	6	0.01
2477	GLORIA PATRICIA	6	0.01
2478	GLORIA TERESA	6	0.01
2479	HAKIMA	6	0.01
2480	HERMINIA CARMEN	6	0.01
2481	HIBA	6	0.01
2482	HORTENSIA MARIA	6	0.01
2483	IMELDA	6	0.01
2484	ISABEL BEATRIZ	6	0.01
2485	ISABEL PILAR	6	0.01
2486	ISOLINA MARIA	6	0.01
2487	IULIIA	6	0.01
2488	IVET	6	0.01
2489	JAVIERA	6	0.01
2490	JENIFFER	6	0.01
2491	JENNY CAROLINA	6	0.01
2492	JOELMA	6	0.01
2493	JORDANA	6	0.01
2494	JORGELINA	6	0.01
2495	JOSEFA AMELIA	6	0.01
2496	JOSEFA JULIA	6	0.01
2497	JOSEFA LAURA	6	0.01
2498	JOSEFA MATILDE	6	0.01
2499	JOSEFA NIEVES	6	0.01
2500	JOSEFA OLGA	6	0.01
2501	JOSEFINA ANTONIA	6	0.01
2502	JOSEFINA PILAR	6	0.01
2503	JOSEPHINE	6	0.01
2504	JOSUNE	6	0.01
2505	JUANA CARMEN	6	0.01
2506	JUANA FRANCISCA	6	0.01
2507	JUANITA	6	0.01
2508	JULIA TERESA	6	0.01
2509	JULIE	6	0.01
2510	KARINE	6	0.01
2511	KATIUSKA	6	0.01
2512	KELLY JOHANA	6	0.01
2513	KELLY JOHANNA	6	0.01
2514	KHEIRA	6	0.01
2515	LAURA CRISTINA	6	0.01
2516	LAURA ELENA	6	0.01
2517	LAURA ELISA	6	0.01
2518	LAURA INES	6	0.01
2519	LAURA MARCELA	6	0.01
2520	LAURA MARGARITA	6	0.01
2521	LAURA SOFIA	6	0.01
2522	LAUREANA	6	0.01
2523	LETIZIA	6	0.01
2524	LIDIA BEATRIZ	6	0.01
2525	LIDUVINA	6	0.01
2526	LIHUA	6	0.01
2527	LISA	6	0.01
2528	LISANDRA	6	0.01
2529	LIVIA MARIA	6	0.01
2530	LUCIA BELEN	6	0.01
2531	LUCIA TERESA	6	0.01
2532	LUCIENE	6	0.01
2533	LUCINA	6	0.01
2534	LUISA BEATRIZ	6	0.01
2535	LYUDMYLA	6	0.01
2536	MAIMOUNA	6	0.01
2537	MALGORZATA	6	0.01
2538	MANOLITA	6	0.01
2539	MANUELA ANA	6	0.01
2540	MANUELA ANGELES	6	0.01
2541	MANUELA ANTONIA	6	0.01
2542	MANUELA CONCEPCION	6	0.01
2543	MANUELA SOFIA	6	0.01
2544	MARGARITA CRISTINA	6	0.01
2545	MARGARITA OLGA	6	0.01
2546	MARGARITA PILAR	6	0.01
2547	MARIA ARMONIA	6	0.01
2548	MARIA ASCENSIO	6	0.01
2549	MARIA CANDELA	6	0.01
2550	MARIA CARMEN CONSUELO	6	0.01
2551	MARIA CARMEN JOSE	6	0.01
2552	MARIA CARMEN VICTORIA	6	0.01
2553	MARIA CESAREA	6	0.01
2554	MARIA DAVINIA	6	0.01
2555	MARIA DESIREE	6	0.01
2556	MARIA DIAMANTINA	6	0.01
2557	MARIA DOLORES MARGARITA	6	0.01
2558	MARIA DORIS	6	0.01
2559	MARIA EDILIA	6	0.01
2560	MARIA ERICA	6	0.01
2561	MARIA EUDOSIA	6	0.01
2562	MARIA EUFEMIA	6	0.01
2563	MARIA FANNY	6	0.01
2564	MARIA FELICIANA	6	0.01
2565	MARIA GENARA	6	0.01
2566	MARIA ISIDORA	6	0.01
2567	MARIA JACQUELINE	6	0.01
2568	MARIA JOSEFA ISABEL	6	0.01
2569	MARIA LAUDELINA	6	0.01
2570	MARIA LEONILA	6	0.01
2571	MARIA LLANOS	6	0.01
2572	MARIA LUDIVINA	6	0.01
2573	MARIA LUISA CARMEN	6	0.01
2574	MARIA MARAVILLAS	6	0.01
2575	MARIA OLVIDO	6	0.01
2576	MARIA ORLANDA	6	0.01
2577	MARIA PACITA	6	0.01
2578	MARIA PLACER	6	0.01
2579	MARIA SELVA	6	0.01
2580	MARIA SEVERINA	6	0.01
2581	MARIA THAIS	6	0.01
2582	MARIA UBALDINA	6	0.01
2583	MARIA VITORIA	6	0.01
2584	MARIA YSABEL	6	0.01
2585	MARIAMA	6	0.01
2586	MARINA LUZ	6	0.01
2587	MARINA TERESA	6	0.01
2588	MARIZA	6	0.01
2589	MARJORIE	6	0.01
2590	MARTA ESTHER	6	0.01
2591	MARTA RAQUEL	6	0.01
2592	MARTA SOFIA	6	0.01
2593	MARTHA LILIANA	6	0.01
2594	MATILDE JOSEFA	6	0.01
2595	MERCEDES AURORA	6	0.01
2596	MERCEDES ELENA	6	0.01
2597	MERCEDES JOSEFINA	6	0.01
2598	MERCEDES ROSARIO	6	0.01
2599	MERIDA	6	0.01
2600	MERIEM	6	0.01
2601	MERITA	6	0.01
2602	MILAGROSA	6	0.01
2603	MONICA ELIZABETH	6	0.01
2604	MONICA MERCEDES	6	0.01
2605	MONICA MONTSERRAT	6	0.01
2606	MONICA TERESA	6	0.01
2607	MONIQUE	6	0.01
2608	NADINE	6	0.01
2609	NAIHARA	6	0.01
2610	NELY	6	0.01
2611	NEUSA	6	0.01
2612	NURIA CARMEN	6	0.01
2613	OFELIA MARIA	6	0.01
2614	OLAYA MARIA	6	0.01
2615	OLGA TERESA	6	0.01
2616	OLIVIA MARIA	6	0.01
2617	OXANA	6	0.01
2618	PATRICIA CARMEN	6	0.01
2619	PATRICIA ELENA	6	0.01
2620	PATRICIA RAQUEL	6	0.01
2621	PAULA CARMEN	6	0.01
2622	PETRONELA	6	0.01
2623	PILAR DOLORES	6	0.01
2624	PRISCILLA	6	0.01
2625	PURA CONCEPCION	6	0.01
2626	RABIA	6	0.01
2627	RAHMA	6	0.01
2628	RAISA	6	0.01
2629	RAISSA	6	0.01
2630	RAQUEL VICTORIA	6	0.01
2631	REMEDIOS MARIA	6	0.01
2632	RENEE	6	0.01
2633	ROSA AMALIA	6	0.01
2634	ROSA DELIA	6	0.01
2635	ROSA DIVINA	6	0.01
2636	ROSA ENCARNACION	6	0.01
2637	ROSA EVA	6	0.01
2638	ROSA JOSEFA	6	0.01
2639	ROSA MARIA PILAR	6	0.01
2640	ROSA PURIFICACION	6	0.01
2641	ROSA SUSANA	6	0.01
2642	ROSALIA CARMEN	6	0.01
2643	ROSARIO ISABEL	6	0.01
2644	ROSARIO PILAR	6	0.01
2645	ROSELI	6	0.01
2646	SACRAMENTO	6	0.01
2647	SAFAA	6	0.01
2648	SANA	6	0.01
2649	SANDRA BEATRIZ	6	0.01
2650	SANDRA LILIANA	6	0.01
2651	SANDRA MONICA	6	0.01
2652	SANDRA RAQUEL	6	0.01
2653	SARA ESTHER	6	0.01
2654	SARA LUISA	6	0.01
2655	SASHA	6	0.01
2656	SEYNABOU	6	0.01
2657	SHAKIRA	6	0.01
2658	SIHAM	6	0.01
2659	SILVANIA	6	0.01
2660	SILVERIA	6	0.01
2661	SILVIA TERESA	6	0.01
2662	SOFIA BELEN	6	0.01
2663	SOFIA ELENA	6	0.01
2664	SOFIA MERCEDES	6	0.01
2665	SULAMITA	6	0.01
2666	SYLVIE	6	0.01
2667	TARSILA	6	0.01
2668	TERESA CONCEPCION	6	0.01
2669	TERESA LUISA	6	0.01
2670	TERESA MANUELA	6	0.01
2671	TETYANA	6	0.01
2672	VERONICA ISABEL	6	0.01
2673	VICTORIA PILAR	6	0.01
2674	VICTORIANA	6	0.01
2675	VIRGILIA	6	0.01
2676	VIVIANE	6	0.01
2677	YAIMA	6	0.01
2678	YAJAIRA	6	0.01
2679	YAMILETH	6	0.01
2680	YASIRA	6	0.01
2681	YAZMINA	6	0.01
2682	YENNIFER	6	0.01
2683	YESIKA	6	0.01
2684	YESSENIA	6	0.01
2685	YOHANA	6	0.01
2686	ZENAIDA	6	0.01
2687	ACACIA	5	0.01
2688	ADINA	5	0.01
2689	ADRIANA MABEL	5	0.01
2690	AGUSTINA BELEN	5	0.01
2691	AIMARA	5	0.01
2692	AITANA MARIA	5	0.01
2693	ALAIA	5	0.01
2694	ALBA CRISTINA	5	0.01
2695	ALBA LUZ	5	0.01
2696	ALCIRA MARIA	5	0.01
2697	ALEYDA	5	0.01
2698	ALICIA CARMEN	5	0.01
2699	ALICIA ROSA	5	0.01
2700	ALVINA	5	0.01
2701	AMALIA MANUELA	5	0.01
2702	AMALIA PILAR	5	0.01
2703	AMANDA MARIA	5	0.01
2704	AMAPOLA	5	0.01
2705	AMERICA MARIA	5	0.01
2706	AMIRA	5	0.01
2707	ANA ANTONIA	5	0.01
2708	ANA ASUNCION	5	0.01
2709	ANA CARINA	5	0.01
2710	ANA INES	5	0.01
2711	ANA INMACULADA	5	0.01
2712	ANA OLGA	5	0.01
2713	ANA RAMONA	5	0.01
2714	ANA SUSANA	5	0.01
2715	ANA YOLANDA	5	0.01
2716	ANAI	5	0.01
2717	ANASTASIIA	5	0.01
2718	ANGELA ROSA	5	0.01
2719	ANGELA VICTORIA	5	0.01
2720	ANTHIA	5	0.01
2721	ANTONIA CARMEN	5	0.01
2722	ANTONIA MERCEDES	5	0.01
2723	ARABIA	5	0.01
2724	ARCADIA	5	0.01
2725	ARLET	5	0.01
2726	ARMANDINA	5	0.01
2727	ASSIA	5	0.01
2728	AURORA PILAR	5	0.01
2729	AYNARA	5	0.01
2730	BADIA	5	0.01
2731	BEATRIZ DOLORES	5	0.01
2732	BEATRIZ MERCEDES	5	0.01
2733	BEATRIZ VICTORIA	5	0.01
2734	BEGONIA	5	0.01
2735	BELINDA MARIA	5	0.01
2736	BERNADETTE	5	0.01
2737	BERTINA	5	0.01
2738	BETANIA	5	0.01
2739	BIANCA MARIA	5	0.01
2740	BLANCA TERESA	5	0.01
2741	BRIGITTE	5	0.01
2742	CARLA MARINA	5	0.01
2743	CARMEN ANGELA	5	0.01
2744	CARMEN AURELIA	5	0.01
2745	CARMEN FELISA	5	0.01
2746	CARMEN IRENE	5	0.01
2747	CARMEN JESUS	5	0.01
2748	CARMEN SILVIA	5	0.01
2749	CARMEN VANESA	5	0.01
2750	CARMEN VANESSA	5	0.01
2751	CARMINA	5	0.01
2752	CARMINDA	5	0.01
2753	CAROLINA ALEJANDRA	5	0.01
2754	CAROLINA TERESA	5	0.01
2755	CATALINA ISABEL	5	0.01
2756	CECILIA ISABEL	5	0.01
2757	CELIA BEATRIZ	5	0.01
2758	CELIA ISABEL	5	0.01
2759	CHARLOTTE	5	0.01
2760	CHENOA	5	0.01
2761	CHRISTINE	5	0.01
2762	CINTHYA	5	0.01
2763	CLAUDIA CAROLINA	5	0.01
2764	CLAUDIA FABIANA	5	0.01
2765	CONCEPCION DOLORES	5	0.01
2766	CRISTINA BELEN	5	0.01
2767	CRISTINA ELIZABETH	5	0.01
2768	CRISTINA EUGENIA	5	0.01
2769	CRISTINA FATIMA	5	0.01
2770	CRISTINA MARGARITA	5	0.01
2771	CRISTINA PAULA	5	0.01
2772	CRISTINA ROSARIO	5	0.01
2773	DAIANE	5	0.01
2774	DAIRA	5	0.01
2775	DAMIANA	5	0.01
2776	DAYAMI	5	0.01
2777	DELFINA MARIA	5	0.01
2778	DENISA	5	0.01
2779	DIANA PAOLA	5	0.01
2780	DIANA SOFIA	5	0.01
2781	DOLORES AMPARO	5	0.01
2782	DOLORES ANTONIA	5	0.01
2783	DOLORES CONCEPCION	5	0.01
2784	DOLORES ELENA	5	0.01
2785	DONATILA	5	0.01
2786	EDICTA	5	0.01
2787	EDNA	5	0.01
2788	ELADINA	5	0.01
2789	ELAINE CRISTINA	5	0.01
2790	ELENA BELEN	5	0.01
2791	ELENA MARGARITA	5	0.01
2792	ELENA TERESA	5	0.01
2793	ELICIA	5	0.01
2794	ELIGIA	5	0.01
2795	ELISA CARMEN	5	0.01
2796	ELVIRA JOSEFA	5	0.01
2797	EMA	5	0.01
2798	EMILIA DOLORES	5	0.01
2799	EMILIA PILAR	5	0.01
2800	ESPERANZA CARMEN	5	0.01
2801	ESTEPHANY	5	0.01
2802	EVA LUCIA	5	0.01
2803	EVA PILAR	5	0.01
2804	EVA RAQUEL	5	0.01
2805	FAITH	5	0.01
2806	FARAH	5	0.01
2807	FELICISIMA	5	0.01
2808	FELISINDA	5	0.01
2809	FLOAREA	5	0.01
2810	FLORINDA MARIA	5	0.01
2811	FOUZIA	5	0.01
2812	FRANCISCA DOLORES	5	0.01
2813	FRANÇOISE	5	0.01
2814	GABRIELA CAROLINA	5	0.01
2815	GALINA	5	0.01
2816	GENOVEVA MARIA	5	0.01
2817	GERALDINE	5	0.01
2818	GETA	5	0.01
2819	GIMENA	5	0.01
2820	GIORGIA	5	0.01
2821	GIULIANA	5	0.01
2822	GLADIS	5	0.01
2823	GLORIA ESTHER	5	0.01
2824	GORETI	5	0.01
2825	GRACIELA BEATRIZ	5	0.01
2826	GRECIA	5	0.01
2827	GUADALUPE MARIA	5	0.01
2828	HAFSA	5	0.01
2829	HASNA	5	0.01
2830	HAYDEE	5	0.01
2831	HELIODORA	5	0.01
2832	HELVIA	5	0.01
2833	HERMENEGILDA	5	0.01
2834	HIND	5	0.01
2835	HONORINDA	5	0.01
2836	HUMBELINA	5	0.01
2837	ILONA	5	0.01
2838	IMAN	5	0.01
2839	INES CARMEN	5	0.01
2840	INMA	5	0.01
2841	INNA	5	0.01
2842	IONE	5	0.01
2843	IRENE CARMEN	5	0.01
2844	IRENE DOLORES	5	0.01
2845	ISABEL ELENA	5	0.01
2846	ISABEL FERNANDA	5	0.01
2847	ISABEL MANUELA	5	0.01
2848	ISABEL MERCEDES	5	0.01
2849	ISABEL PATRICIA	5	0.01
2850	ITZEL	5	0.01
2851	IVETTE	5	0.01
2852	JANICE	5	0.01
2853	JANNETTE	5	0.01
2854	JASMINA	5	0.01
2855	JERONIMA	5	0.01
2856	JESSICA ALEJANDRA	5	0.01
2857	JING	5	0.01
2858	JOSEFA AVELINA	5	0.01
2859	JOSEFA HERMINIA	5	0.01
2860	JOSEFA INES	5	0.01
2861	JOSEFA LEONOR	5	0.01
2862	JOSEFA LOURDES	5	0.01
2863	JOSEFA VICTORIA	5	0.01
2864	JOSEFINA ESTHER	5	0.01
2865	JOSEFINA ISABEL	5	0.01
2866	JOY	5	0.01
2867	JUANA LUISA	5	0.01
2868	JUANA MANUELA	5	0.01
2869	JUANA PILAR	5	0.01
2870	JUDIT MARIA	5	0.01
2871	JULIA EMILIA	5	0.01
2872	JULIA ESTHER	5	0.01
2873	JULIA MANUELA	5	0.01
2874	JULIET	5	0.01
2875	KARINA ANDREA	5	0.01
2876	KARINA CARMEN	5	0.01
2877	KASSANDRA	5	0.01
2878	KATHERIN	5	0.01
2879	KATIANA	5	0.01
2880	KAWTAR	5	0.01
2881	KEYLA	5	0.01
2882	KHAOULA	5	0.01
2883	KIMBERLY	5	0.01
2884	KINGA	5	0.01
2885	LARISSA	5	0.01
2886	LAURA CAMILA	5	0.01
2887	LAURA CAROLINA	5	0.01
2888	LAURA DANIELA	5	0.01
2889	LAURA MANUELA	5	0.01
2890	LAVINIA	5	0.01
2891	LEIDY JOHANNA	5	0.01
2892	LEYLA	5	0.01
2893	LIDIA ISABEL	5	0.01
2894	LILIANA PATRICIA	5	0.01
2895	LILIANE	5	0.01
2896	LIZ PAOLA	5	0.01
2897	LORENA ISABEL	5	0.01
2898	LOURDES MARGARITA	5	0.01
2899	LUCELLY	5	0.01
2900	LUCIA AURORA	5	0.01
2901	LUCIA BEATRIZ	5	0.01
2902	LUCIA ESTHER	5	0.01
2903	LUCIA MARGARITA	5	0.01
2904	LUCIA PILAR	5	0.01
2905	LUCIA VICTORIA	5	0.01
2906	LUCILENE	5	0.01
2907	LUDMILA	5	0.01
2908	LUISA PILAR	5	0.01
2909	LUMINITA	5	0.01
2910	LUZ AMPARO	5	0.01
2911	LUZ ANGELA	5	0.01
2912	LUZ ESTELA	5	0.01
2913	LUZIA	5	0.01
2914	MADALENA	5	0.01
2915	MANAR	5	0.01
2916	MANUELA BEATRIZ	5	0.01
2917	MANUELA EMILIA	5	0.01
2918	MANUELA JUANA	5	0.01
2919	MANUELA LEONOR	5	0.01
2920	MANUELA NIEVES	5	0.01
2921	MANUELA OLGA	5	0.01
2922	MARCIA CRISTINA	5	0.01
2923	MARGARETH	5	0.01
2924	MARGARITA BEATRIZ	5	0.01
2925	MARGARITA EMILIA	5	0.01
2926	MARGARITA MERCEDES	5	0.01
2927	MARIA ABRIL	5	0.01
2928	MARIA ALBERTINA	5	0.01
2929	MARIA ALFONSA	5	0.01
2930	MARIA AMANCIA	5	0.01
2931	MARIA ARIADNA	5	0.01
2932	MARIA ASTRID	5	0.01
2933	MARIA BERTILA	5	0.01
2934	MARIA BUEN SUCESO	5	0.01
2935	MARIA CARLA	5	0.01
2936	MARIA CARMEN ANTONIA	5	0.01
2937	MARIA CARMEN BEATRIZ	5	0.01
2938	MARIA CARMEN FATIMA	5	0.01
2939	MARIA CARMEN ROSARIO	5	0.01
2940	MARIA CARMEN YOLANDA	5	0.01
2941	MARIA CAYETANA	5	0.01
2942	MARIA CEU	5	0.01
2943	MARIA CINTIA	5	0.01
2944	MARIA CLEOFE	5	0.01
2945	MARIA DIONISIA	5	0.01
2946	MARIA DOLORES ISABEL	5	0.01
2947	MARIA DULCE NOMBRE	5	0.01
2948	MARIA EDUVIGIS	5	0.01
2949	MARIA ENMA	5	0.01
2950	MARIA ERSILIA	5	0.01
2951	MARIA ESTILITA	5	0.01
2952	MARIA EVELIA	5	0.01
2953	MARIA FLOR LIS	5	0.01
2954	MARIA HOLANDA	5	0.01
2955	MARIA ICIAR	5	0.01
2956	MARIA IDA	5	0.01
2957	MARIA JOAO	5	0.01
2958	MARIA KATIA	5	0.01
2959	MARIA LUCINA	5	0.01
2960	MARIA LUISA ISABEL	5	0.01
2961	MARIA MARCELA	5	0.01
2962	MARIA MARGARIDA	5	0.01
2963	MARIA OLAYA	5	0.01
2964	MARIA OLEGARIA	5	0.01
2965	MARIA OROSIA	5	0.01
2966	MARIA PIA	5	0.01
2967	MARIA PILAR MARGARITA	5	0.01
2968	MARIA PLACIDA	5	0.01
2969	MARIA ROSA PILAR	5	0.01
2970	MARIA ROSINA	5	0.01
2971	MARIA SALUDINA	5	0.01
2972	MARIA TERESA PILAR	5	0.01
2973	MARIA URBANA	5	0.01
2974	MARIA VERA	5	0.01
2975	MARIA ZORAIDA	5	0.01
2976	MARIANNA	5	0.01
2977	MARICRUZ	5	0.01
2978	MARIEM	5	0.01
2979	MARINA BEATRIZ	5	0.01
2980	MARINA CONSUELO	5	0.01
2981	MARINA ESTHER	5	0.01
2982	MARINA ROSARIO	5	0.01
2983	MARISEL	5	0.01
2984	MARITA	5	0.01
2985	MARIVEL	5	0.01
2986	MARTA ALEJANDRA	5	0.01
2987	MARTA ALICIA	5	0.01
2988	MARTA CARMEN	5	0.01
2989	MARTA CECILIA	5	0.01
2990	MARTA DOLORES	5	0.01
2991	MARTA EUGENIA	5	0.01
2992	MASIEL	5	0.01
2993	MATILDE ISABEL	5	0.01
2994	MATY	5	0.01
2995	MELCHORA	5	0.01
2996	MELODIE	5	0.01
2997	MERCEDES ANGELES	5	0.01
2998	MERCEDES ELISA	5	0.01
2999	MERCEDES ESTHER	5	0.01
3000	MERCEDES GLORIA	5	0.01
3001	MERCEDES NIEVES	5	0.01
3002	MERCEDES YOLANDA	5	0.01
3003	MERI	5	0.01
3004	MIGDALIA	5	0.01
3005	MILA	5	0.01
3006	MILAGROS PILAR	5	0.01
3007	MIRIAM CARMEN	5	0.01
3008	MIRTA GRACIELA	5	0.01
3009	MONICA BELEN	5	0.01
3010	MONICA CRISTINA	5	0.01
3011	MONICA ESTHER	5	0.01
3012	MONICA LUCIA	5	0.01
3013	MONICA RAQUEL	5	0.01
3014	MONICA SILVIA	5	0.01
3015	MONTSE	5	0.01
3016	NADEZHDA	5	0.01
3017	NADYA	5	0.01
3018	NATALIA CAROLINA	5	0.01
3019	NATALIA ISABEL	5	0.01
3020	NATHALY	5	0.01
3021	NATIVIDAD MARIA	5	0.01
3022	NAYALA	5	0.01
3023	NELIA	5	0.01
3024	NEZHA	5	0.01
3025	NOEMA	5	0.01
3026	NOHEMI	5	0.01
3027	NURIA BEATRIZ	5	0.01
3028	ODALYS	5	0.01
3029	OIHANA	5	0.01
3030	OKSANA	5	0.01
3031	OLINDA	5	0.01
3032	OMAYRA	5	0.01
3033	OUMY	5	0.01
3034	PALMIRA MARIA	5	0.01
3035	PAOLA CAROLINA	5	0.01
3036	PASTORA MARIA	5	0.01
3037	PAULA ALEJANDRA	5	0.01
3038	PAULA MARTA	5	0.01
3039	PAULA MONTSERRAT	5	0.01
3040	PAULA VANESSA	5	0.01
3041	PILAR CONCEPCION	5	0.01
3042	PURA MARIA	5	0.01
3043	PURIFICACION CONCEPCION	5	0.01
3044	RABHA	5	0.01
3045	RACHEL	5	0.01
3046	RAMONA DOLORES	5	0.01
3047	RAMONA ISABEL	5	0.01
3048	RAQUEL ESTHER	5	0.01
3049	REGINA CELIA	5	0.01
3050	REYES MARIA	5	0.01
3051	ROCIO MAR	5	0.01
3052	ROSA ANGELA	5	0.01
3053	ROSA GLORIA	5	0.01
3054	ROSA JUANA	5	0.01
3055	ROSA JULIA	5	0.01
3056	ROSA MAGDALENA	5	0.01
3057	ROSA MARIA CARMEN	5	0.01
3058	ROSA MATILDE	5	0.01
3059	ROSARIO FATIMA	5	0.01
3060	ROSEMARY	5	0.01
3061	ROSINA MARIA	5	0.01
3062	RUBIELA	5	0.01
3063	RUT MARIA	5	0.01
3064	SABAH	5	0.01
3065	SANDRA MARCELA	5	0.01
3066	SANDRA REGINA	5	0.01
3067	SANDRINA	5	0.01
3068	SARA BEATRIZ	5	0.01
3069	SARA CONCEPCION	5	0.01
3070	SARA CRISTINA	5	0.01
3071	SASKIA	5	0.01
3072	SEGUNDA MARIA	5	0.01
3073	SELENIA	5	0.01
3074	SERENA	5	0.01
3075	SERGIA	5	0.01
3076	SIA	5	0.01
3077	SIGRID	5	0.01
3078	SILVIA MERCEDES	5	0.01
3079	SIRA MARIA	5	0.01
3080	SOFIA ALEJANDRA	5	0.01
3081	SOFIA CRISTINA	5	0.01
3082	SOFIA TERESA	5	0.01
3083	SOL MARIA	5	0.01
3084	SONIA ESTHER	5	0.01
3085	SONIA MERCEDES	5	0.01
3086	SUSAN	5	0.01
3087	TAMARA ISABEL	5	0.01
3088	TEOFILA	5	0.01
3089	TERENCIA	5	0.01
3090	TERESA ISABEL	5	0.01
3091	UMA	5	0.01
3092	VALERIA MARIA	5	0.01
3093	VANESSA CAROLINA	5	0.01
3094	VENERA	5	0.01
3095	VERACRUZ	5	0.01
3096	VERONICA ALEXANDRA	5	0.01
3097	VERONICA ELIZABETH	5	0.01
3098	VERONIKA	5	0.01
3099	VICKY	5	0.01
3100	VIDA	5	0.01
3101	VIKTORIJA	5	0.01
3102	XAQUELINE	5	0.01
3103	YAISA	5	0.01
3104	YAMILET	5	0.01
3105	YANELA	5	0.01
3106	YENI	5	0.01
3107	YENNY	5	0.01
3108	YOANNA	5	0.01
3109	YOLANDA ISABEL	5	0.01
3110	YOLANDA MONTSERRAT	5	0.01
3111	YOSRA	5	0.01
3112	YUDITH	5	0.01
3113	YULIYA	5	0.01
3114	ZITA	5	0.01
3115	ZORAIDA MARIA	5	0.01
3116	ZORAIMA	5	0.01
3117	ZULEMA MARIA	5	0.01